rollout/ep_len_mean,rollout/ep_rew_mean,rollout/exploration_rate,rollout/success_rate,time/fps,train/learning_rate,train/loss
57.0,7.330218315124512,0.9783400297164917,1.0,768.0,9.999999747378752e-05,0.29368728399276733
50.875,7.2899861335754395,0.9613350033760071,1.0,766.0,9.999999747378752e-05,0.0003591054701246321
68.75,6.412032127380371,0.921625018119812,1.0,776.0,9.999999747378752e-05,0.0004746950580738485
83.9375,5.76621150970459,0.8724150061607361,1.0,774.0,9.999999747378752e-05,0.00033204659121111035
75.44999694824219,6.209436893463135,0.8566449880599976,1.0,772.0,9.999999747378752e-05,0.29172033071517944
76.66666412353516,6.168216705322266,0.8252000212669373,1.0,769.0,9.999999747378752e-05,0.0003287620493210852
70.35713958740234,6.460792541503906,0.8128499984741211,1.0,763.0,9.999999747378752e-05,0.29117316007614136
72.40625,6.350841999053955,0.7798849940299988,1.0,768.0,9.999999747378752e-05,0.2907458245754242
69.19444274902344,6.499497413635254,0.763355016708374,1.0,770.0,9.999999747378752e-05,0.29041534662246704
69.30000305175781,6.514581203460693,0.7366600036621094,1.0,767.0,9.999999747378752e-05,0.0002208068035542965
68.5227279663086,6.539978504180908,0.713575005531311,1.0,768.0,9.999999747378752e-05,0.00022728748444933444
67.625,6.539151668548584,0.6916300058364868,1.0,769.0,9.999999747378752e-05,0.29193365573883057
68.84615325927734,6.458315849304199,0.6599000096321106,1.0,766.0,9.999999747378752e-05,0.28986412286758423
67.96428680419922,6.507328033447266,0.6384299993515015,1.0,768.0,9.999999747378752e-05,0.29199790954589844
65.78333282470703,6.6162238121032715,0.6250349879264832,1.0,767.0,9.999999747378752e-05,0.2907108664512634
64.515625,6.666294574737549,0.6077449917793274,1.0,768.0,9.999999747378752e-05,0.00035878532798960805
63.735294342041016,6.719114303588867,0.5882700085639954,1.0,768.0,9.999999747378752e-05,0.0003058756119571626
62.41666793823242,6.803592681884766,0.5730699896812439,1.0,768.0,9.999999747378752e-05,0.28976473212242126
61.47368240356445,6.858828544616699,0.5561599731445312,1.0,768.0,9.999999747378752e-05,0.5790899991989136
63.63750076293945,6.750466346740723,0.5163549780845642,1.0,766.0,9.999999747378752e-05,0.28906920552253723
63.97618865966797,6.727097511291504,0.4894700050354004,1.0,765.0,9.999999747378752e-05,0.0006686549168080091
63.0,6.780167579650879,0.47332000732421875,1.0,762.0,9.999999747378752e-05,0.0005835799383930862
61.83695602416992,6.831357002258301,0.45954498648643494,1.0,764.0,9.999999747378752e-05,0.00048384154797531664
62.79166793823242,6.786234378814697,0.42734000086784363,1.0,766.0,9.999999747378752e-05,0.2897328734397888
61.77000045776367,6.836215496063232,0.4131850004196167,1.0,766.0,9.999999747378752e-05,0.5801329612731934
62.83000183105469,6.753642559051514,0.3814550042152405,1.0,765.0,9.999999747378752e-05,0.0006371812196448445
63.119998931884766,6.775846004486084,0.36169499158859253,1.0,766.0,9.999999747378752e-05,0.0005585963954217732
60.65999984741211,6.892831325531006,0.34535500407218933,1.0,766.0,9.999999747378752e-05,0.2913156747817993
58.91999816894531,6.964604377746582,0.31267499923706055,1.0,766.0,9.999999747378752e-05,0.00015089780208654702
61.529998779296875,6.822472095489502,0.2721099853515625,1.0,764.0,9.999999747378752e-05,0.0003622231015469879
60.400001525878906,6.863058090209961,0.2513999938964844,1.0,764.0,9.999999747378752e-05,0.2870102822780609
63.84000015258789,6.595873832702637,0.20636999607086182,0.9900000095367432,766.0,9.999999747378752e-05,0.0003538316232152283
65.41000366210938,6.449972152709961,0.15849000215530396,0.9800000190734863,766.0,9.999999747378752e-05,0.0005778693594038486
64.9000015258789,6.473867416381836,0.14680500328540802,0.9800000190734863,766.0,9.999999747378752e-05,0.2881214916706085
64.80000305175781,6.464446067810059,0.12105999886989594,0.9800000190734863,766.0,9.999999747378752e-05,0.00023251182574313134
63.33000183105469,6.53553581237793,0.11193999648094177,0.9800000190734863,765.0,9.999999747378752e-05,0.0005683899507857859
62.38999938964844,6.610980033874512,0.09892500191926956,0.9800000190734863,766.0,9.999999747378752e-05,0.00030635957955382764
64.2300033569336,6.521844863891602,0.05000000074505806,0.9800000190734863,739.0,9.999999747378752e-05,0.0005199785809963942
65.86000061035156,6.283777713775635,0.05000000074505806,0.9700000286102295,705.0,9.999999747378752e-05,0.5705163478851318
68.16000366210938,6.1146345138549805,0.05000000074505806,0.9700000286102295,684.0,9.999999747378752e-05,0.00028068418032489717
69.0,6.0652265548706055,0.05000000074505806,0.9700000286102295,669.0,9.999999747378752e-05,0.0008304364746436477
70.36000061035156,5.946390151977539,0.05000000074505806,0.9700000286102295,650.0,9.999999747378752e-05,0.000857355073094368
70.08999633789062,5.9423956871032715,0.05000000074505806,0.9700000286102295,644.0,9.999999747378752e-05,0.00011788919800892472
73.41000366210938,5.707319259643555,0.05000000074505806,0.9700000286102295,624.0,9.999999747378752e-05,0.0005201752646826208
72.27999877929688,5.7278876304626465,0.05000000074505806,0.9700000286102295,605.0,9.999999747378752e-05,0.00047696626279503107
71.36000061035156,5.762313365936279,0.05000000074505806,0.9700000286102295,600.0,9.999999747378752e-05,0.0008437170763500035
73.2699966430664,5.520242214202881,0.05000000074505806,0.9599999785423279,587.0,9.999999747378752e-05,0.0008662050240673125
77.69000244140625,5.15639591217041,0.05000000074505806,0.949999988079071,563.0,9.999999747378752e-05,0.0009119103197008371
76.88999938964844,5.152278423309326,0.05000000074505806,0.949999988079071,552.0,9.999999747378752e-05,0.2861582338809967
79.4000015258789,4.89471960067749,0.05000000074505806,0.9399999976158142,541.0,9.999999747378752e-05,0.0005380003713071346
77.83999633789062,4.969574928283691,0.05000000074505806,0.9399999976158142,535.0,9.999999747378752e-05,0.0005050835898146033
80.37999725341797,4.660036087036133,0.05000000074505806,0.9300000071525574,522.0,9.999999747378752e-05,0.28599023818969727
81.30000305175781,4.585695266723633,0.05000000074505806,0.9300000071525574,510.0,9.999999747378752e-05,0.2870502471923828
81.05999755859375,4.562798500061035,0.05000000074505806,0.9300000071525574,497.0,9.999999747378752e-05,0.0004825517535209656
78.87999725341797,4.6739821434021,0.05000000074505806,0.9300000071525574,491.0,9.999999747378752e-05,0.00022894961875863373
79.22000122070312,4.633279800415039,0.05000000074505806,0.9300000071525574,485.0,9.999999747378752e-05,0.28067198395729065
78.5199966430664,4.707967758178711,0.05000000074505806,0.9399999976158142,480.0,9.999999747378752e-05,0.2813444435596466
74.19999694824219,4.985381603240967,0.05000000074505806,0.949999988079071,478.0,9.999999747378752e-05,0.0003467886126600206
75.62000274658203,4.885337829589844,0.05000000074505806,0.949999988079071,476.0,9.999999747378752e-05,0.0013201521942391992
73.83000183105469,4.9788126945495605,0.05000000074505806,0.949999988079071,474.0,9.999999747378752e-05,0.0006422321312129498
75.02999877929688,4.883552551269531,0.05000000074505806,0.949999988079071,472.0,9.999999747378752e-05,0.0015904424944892526
77.66999816894531,4.677792072296143,0.05000000074505806,0.949999988079071,468.0,9.999999747378752e-05,0.2839083671569824
78.41000366210938,4.575725078582764,0.05000000074505806,0.949999988079071,463.0,9.999999747378752e-05,0.0018539703451097012
75.94999694824219,4.8600006103515625,0.05000000074505806,0.9599999785423279,462.0,9.999999747378752e-05,0.0010924526723101735
74.8499984741211,4.937982082366943,0.05000000074505806,0.9599999785423279,457.0,9.999999747378752e-05,0.28087759017944336
73.08000183105469,5.056889057159424,0.05000000074505806,0.9599999785423279,456.0,9.999999747378752e-05,0.0006872915546409786
71.37999725341797,5.199801445007324,0.05000000074505806,0.9599999785423279,453.0,9.999999747378752e-05,0.0003903654869645834
73.05999755859375,5.090046405792236,0.05000000074505806,0.9599999785423279,448.0,9.999999747378752e-05,0.0005480519030243158
70.58999633789062,5.263461589813232,0.05000000074505806,0.9599999785423279,446.0,9.999999747378752e-05,0.0010313803795725107
69.04000091552734,5.380723476409912,0.05000000074505806,0.9599999785423279,445.0,9.999999747378752e-05,0.5639735460281372
71.43000030517578,5.2744364738464355,0.05000000074505806,0.9599999785423279,442.0,9.999999747378752e-05,0.0013154015177860856
69.80000305175781,5.498770713806152,0.05000000074505806,0.9700000286102295,439.0,9.999999747378752e-05,0.00031740221311338246
65.27999877929688,5.873212814331055,0.05000000074505806,0.9800000190734863,438.0,9.999999747378752e-05,0.0006682755192741752
64.9800033569336,5.914373397827148,0.05000000074505806,0.9800000190734863,437.0,9.999999747378752e-05,0.0009572561248205602
64.29000091552734,6.0921311378479,0.05000000074505806,0.9900000095367432,436.0,9.999999747378752e-05,0.0008720484329387546
67.3499984741211,5.871607780456543,0.05000000074505806,0.9800000190734863,433.0,9.999999747378752e-05,0.2737135589122772
63.91999816894531,6.21926736831665,0.05000000074505806,0.9900000095367432,432.0,9.999999747378752e-05,0.0005757177714258432
65.2300033569336,6.101305961608887,0.05000000074505806,0.9800000190734863,429.0,9.999999747378752e-05,0.0007193313795141876
63.959999084472656,6.20571756362915,0.05000000074505806,0.9800000190734863,428.0,9.999999747378752e-05,0.000682334415614605
63.939998626708984,6.222453594207764,0.05000000074505806,0.9800000190734863,427.0,9.999999747378752e-05,0.001215730793774128
66.01000213623047,6.155646800994873,0.05000000074505806,0.9800000190734863,425.0,9.999999747378752e-05,0.0015906954649835825
68.95999908447266,5.86130428314209,0.05000000074505806,0.9599999785423279,417.0,9.999999747378752e-05,0.0038435403257608414
73.77999877929688,5.537760257720947,0.05000000074505806,0.949999988079071,414.0,9.999999747378752e-05,0.0017930571921169758
72.55000305175781,5.635994911193848,0.05000000074505806,0.949999988079071,414.0,9.999999747378752e-05,0.27081525325775146
77.79000091552734,5.197036266326904,0.05000000074505806,0.9300000071525574,411.0,9.999999747378752e-05,0.002251021098345518
76.55000305175781,5.319517135620117,0.05000000074505806,0.9300000071525574,410.0,9.999999747378752e-05,0.0003644535318017006
75.3499984741211,5.45180606842041,0.05000000074505806,0.9300000071525574,410.0,9.999999747378752e-05,0.5332862138748169
73.08999633789062,5.526882171630859,0.05000000074505806,0.9200000166893005,409.0,9.999999747378752e-05,0.00014561170246452093
81.2699966430664,5.022529125213623,0.05000000074505806,0.9100000262260437,405.0,9.999999747378752e-05,0.00010630924953147769
84.44000244140625,4.9391584396362305,0.05000000074505806,0.9100000262260437,403.0,9.999999747378752e-05,0.00019244079885538667
88.20999908447266,4.777784824371338,0.05000000074505806,0.9100000262260437,401.0,9.999999747378752e-05,0.0008234067354351282
87.41999816894531,4.819151401519775,0.05000000074505806,0.9100000262260437,400.0,9.999999747378752e-05,0.0009529213421046734
87.5999984741211,4.870541095733643,0.05000000074505806,0.9100000262260437,399.0,9.999999747378752e-05,0.0013516454491764307
89.58000183105469,4.766424655914307,0.05000000074505806,0.9100000262260437,398.0,9.999999747378752e-05,0.0007195738726295531
90.87999725341797,4.714144706726074,0.05000000074505806,0.9100000262260437,397.0,9.999999747378752e-05,0.00035741200554184616
90.19999694824219,4.7433319091796875,0.05000000074505806,0.9100000262260437,397.0,9.999999747378752e-05,0.0026195042300969362
94.16000366210938,4.456977367401123,0.05000000074505806,0.8999999761581421,396.0,9.999999747378752e-05,0.27949827909469604
98.0,4.291845798492432,0.05000000074505806,0.8999999761581421,394.0,9.999999747378752e-05,0.00043909269152209163
100.62000274658203,4.198672771453857,0.05000000074505806,0.8999999761581421,393.0,9.999999747378752e-05,0.00204875273630023
106.45999908447266,3.64463472366333,0.05000000074505806,0.8700000047683716,391.0,9.999999747378752e-05,0.0008371834410354495
113.62000274658203,3.065892457962036,0.05000000074505806,0.8399999737739563,386.0,9.999999747378752e-05,0.0006905230693519115
120.5999984741211,2.5815632343292236,0.05000000074505806,0.8199999928474426,384.0,9.999999747378752e-05,0.0011351072462275624
122.76000213623047,2.4346230030059814,0.05000000074505806,0.8100000023841858,383.0,9.999999747378752e-05,0.27513614296913147
122.30000305175781,2.4636178016662598,0.05000000074505806,0.8100000023841858,383.0,9.999999747378752e-05,0.26271745562553406
132.22999572753906,1.6817816495895386,0.05000000074505806,0.7699999809265137,380.0,9.999999747378752e-05,0.00010881903290282935
130.80999755859375,1.6786895990371704,0.05000000074505806,0.7599999904632568,379.0,9.999999747378752e-05,0.001573488349094987
127.12000274658203,2.008167266845703,0.05000000074505806,0.7699999809265137,378.0,9.999999747378752e-05,0.27630963921546936
127.8499984741211,1.9431700706481934,0.05000000074505806,0.7599999904632568,376.0,9.999999747378752e-05,0.003861532546579838
132.80999755859375,1.5735247135162354,0.05000000074505806,0.7400000095367432,376.0,9.999999747378752e-05,0.0010924303205683827
135.67999267578125,1.4255034923553467,0.05000000074505806,0.7300000190734863,376.0,9.999999747378752e-05,0.001385221490636468
138.08999633789062,1.2265219688415527,0.05000000074505806,0.7200000286102295,376.0,9.999999747378752e-05,0.0003501910250633955
144.94000244140625,0.7076123952865601,0.05000000074505806,0.6899999976158142,375.0,9.999999747378752e-05,0.003155546262860298
149.3800048828125,0.524904191493988,0.05000000074505806,0.6800000071525574,375.0,9.999999747378752e-05,0.0013280538842082024
146.07000732421875,0.6750608086585999,0.05000000074505806,0.6700000166893005,374.0,9.999999747378752e-05,0.26455047726631165
146.6199951171875,0.5056378245353699,0.05000000074505806,0.6499999761581421,374.0,9.999999747378752e-05,0.26913338899612427
148.0500030517578,0.3982788026332855,0.05000000074505806,0.6399999856948853,372.0,9.999999747378752e-05,0.0014037470100447536
153.25,0.02330086939036846,0.05000000074505806,0.6200000047683716,371.0,9.999999747378752e-05,0.000595051038544625
153.36000061035156,-0.05170128867030144,0.05000000074505806,0.6100000143051147,371.0,9.999999747378752e-05,0.004004235845059156
151.50999450683594,0.10341104865074158,0.05000000074505806,0.6100000143051147,370.0,9.999999747378752e-05,0.002159849042072892
153.3300018310547,-0.02091478928923607,0.05000000074505806,0.6000000238418579,369.0,9.999999747378752e-05,0.0003784054715652019
153.02999877929688,-0.03943556919693947,0.05000000074505806,0.5899999737739563,369.0,9.999999747378752e-05,0.0015483400784432888
147.7899932861328,0.32322174310684204,0.05000000074505806,0.6000000238418579,369.0,9.999999747378752e-05,0.0008343041990883648
146.5800018310547,0.33341196179389954,0.05000000074505806,0.5899999737739563,369.0,9.999999747378752e-05,0.0005652809049934149
144.0,0.4919825792312622,0.05000000074505806,0.5899999737739563,368.0,9.999999747378752e-05,0.0011135782115161419
137.41000366210938,1.1268620491027832,0.05000000074505806,0.6200000047683716,368.0,9.999999747378752e-05,0.002612031064927578
127.18000030517578,1.9853777885437012,0.05000000074505806,0.6600000262260437,368.0,9.999999747378752e-05,0.0004389089881442487
120.25,2.4822545051574707,0.05000000074505806,0.6800000071525574,368.0,9.999999747378752e-05,0.2634827792644501
115.36000061035156,2.868473768234253,0.05000000074505806,0.699999988079071,367.0,9.999999747378752e-05,0.00445664394646883
115.2699966430664,2.8940255641937256,0.05000000074505806,0.699999988079071,367.0,9.999999747378752e-05,0.2749784588813782
105.04000091552734,3.709024429321289,0.05000000074505806,0.7400000095367432,367.0,9.999999747378752e-05,0.27560651302337646
103.98999786376953,3.8756916522979736,0.05000000074505806,0.75,366.0,9.999999747378752e-05,0.26491016149520874
102.37999725341797,4.053165912628174,0.05000000074505806,0.7599999904632568,365.0,9.999999747378752e-05,0.0009992801351472735
97.38999938964844,4.443647384643555,0.05000000074505806,0.7799999713897705,365.0,9.999999747378752e-05,0.005670598708093166
92.08999633789062,4.853401184082031,0.05000000074505806,0.800000011920929,365.0,9.999999747378752e-05,0.000898791360668838
83.9000015258789,5.463106155395508,0.05000000074505806,0.8299999833106995,365.0,9.999999747378752e-05,0.2547062933444977
82.23999786376953,5.63402795791626,0.05000000074505806,0.8399999737739563,365.0,9.999999747378752e-05,0.0019623751286417246
74.69000244140625,6.223929405212402,0.05000000074505806,0.8700000047683716,365.0,9.999999747378752e-05,0.2607608437538147
68.05000305175781,6.656054973602295,0.05000000074505806,0.8899999856948853,365.0,9.999999747378752e-05,0.0015530360396951437
62.560001373291016,7.0499067306518555,0.05000000074505806,0.9100000262260437,365.0,9.999999747378752e-05,0.0010619531385600567
56.81999969482422,7.453176021575928,0.05000000074505806,0.9300000071525574,365.0,9.999999747378752e-05,0.0004920695791952312
51.58000183105469,7.729361534118652,0.05000000074505806,0.9399999976158142,365.0,9.999999747378752e-05,0.257427841424942
47.15999984741211,8.064937591552734,0.05000000074505806,0.9599999785423279,365.0,9.999999747378752e-05,0.0013848654925823212
45.34000015258789,8.221780776977539,0.05000000074505806,0.9700000286102295,365.0,9.999999747378752e-05,0.0019139841897413135
43.380001068115234,8.290760040283203,0.05000000074505806,0.9700000286102295,364.0,9.999999747378752e-05,0.26187607645988464
40.310001373291016,8.494768142700195,0.05000000074505806,0.9800000190734863,364.0,9.999999747378752e-05,0.0018837417010217905
39.09000015258789,8.637974739074707,0.05000000074505806,0.9900000095367432,363.0,9.999999747378752e-05,0.0009986674413084984
39.25,8.635581970214844,0.05000000074505806,0.9900000095367432,363.0,9.999999747378752e-05,0.0016075053717941046
37.59000015258789,8.793699264526367,0.05000000074505806,1.0,363.0,9.999999747378752e-05,0.0033374293707311153
36.310001373291016,8.828450202941895,0.05000000074505806,1.0,363.0,9.999999747378752e-05,0.001584309502504766
34.810001373291016,8.869203567504883,0.05000000074505806,1.0,363.0,9.999999747378752e-05,0.001766691915690899
33.83000183105469,8.899117469787598,0.05000000074505806,1.0,363.0,9.999999747378752e-05,0.002545407507568598
32.95000076293945,8.925312995910645,0.05000000074505806,1.0,362.0,9.999999747378752e-05,0.27865076065063477
33.130001068115234,8.934256553649902,0.05000000074505806,1.0,362.0,9.999999747378752e-05,0.0011311573907732964
32.65999984741211,8.937199592590332,0.05000000074505806,1.0,362.0,9.999999747378752e-05,0.0003144463407807052
32.130001068115234,8.957496643066406,0.05000000074505806,1.0,362.0,9.999999747378752e-05,0.0018722910899668932
30.559999465942383,9.002771377563477,0.05000000074505806,1.0,362.0,9.999999747378752e-05,0.0006169340340420604
30.18000030517578,9.008447647094727,0.05000000074505806,1.0,362.0,9.999999747378752e-05,0.0010561873205006123
30.469999313354492,8.993640899658203,0.05000000074505806,1.0,362.0,9.999999747378752e-05,0.5087867975234985
31.3700008392334,8.9649019241333,0.05000000074505806,1.0,361.0,9.999999747378752e-05,0.5240014791488647
31.020000457763672,8.983147621154785,0.05000000074505806,1.0,361.0,9.999999747378752e-05,0.0007658244576305151
30.309999465942383,9.006871223449707,0.05000000074505806,1.0,361.0,9.999999747378752e-05,0.003926827106624842
28.670000076293945,9.057655334472656,0.05000000074505806,1.0,361.0,9.999999747378752e-05,0.2544909417629242
28.690000534057617,9.059715270996094,0.05000000074505806,1.0,361.0,9.999999747378752e-05,0.001191379502415657
29.3700008392334,9.03411865234375,0.05000000074505806,1.0,361.0,9.999999747378752e-05,0.003020734991878271
30.81999969482422,8.98977279663086,0.05000000074505806,1.0,360.0,9.999999747378752e-05,0.0011322397040203214
30.799999237060547,8.996599197387695,0.05000000074505806,1.0,360.0,9.999999747378752e-05,0.001727847964502871
29.459999084472656,9.05512809753418,0.05000000074505806,1.0,360.0,9.999999747378752e-05,0.2537701427936554
28.3700008392334,9.096806526184082,0.05000000074505806,1.0,360.0,9.999999747378752e-05,0.002954562660306692
28.780000686645508,9.091590881347656,0.05000000074505806,1.0,360.0,9.999999747378752e-05,0.26749107241630554
28.43000030517578,9.103920936584473,0.05000000074505806,1.0,360.0,9.999999747378752e-05,0.25797945261001587
27.270000457763672,9.144054412841797,0.05000000074505806,1.0,360.0,9.999999747378752e-05,0.255185067653656
27.799999237060547,9.132118225097656,0.05000000074505806,1.0,360.0,9.999999747378752e-05,0.0006188865518197417
26.420000076293945,9.176960945129395,0.05000000074505806,1.0,359.0,9.999999747378752e-05,0.002881869673728943
26.850000381469727,9.167501449584961,0.05000000074505806,1.0,360.0,9.999999747378752e-05,0.25703927874565125
26.559999465942383,9.181228637695312,0.05000000074505806,1.0,359.0,9.999999747378752e-05,0.003973591607064009
27.5,9.157384872436523,0.05000000074505806,1.0,359.0,9.999999747378752e-05,0.0016792139504104853
28.600000381469727,9.125805854797363,0.05000000074505806,1.0,359.0,9.999999747378752e-05,0.2583390772342682
28.18000030517578,9.139102935791016,0.05000000074505806,1.0,359.0,9.999999747378752e-05,0.00036419281968846917
28.420000076293945,9.138781547546387,0.05000000074505806,1.0,359.0,9.999999747378752e-05,0.001467235153540969
28.040000915527344,9.15691089630127,0.05000000074505806,1.0,359.0,9.999999747378752e-05,0.25738856196403503
28.889999389648438,9.136406898498535,0.05000000074505806,1.0,359.0,9.999999747378752e-05,0.0008036830695345998
28.139999389648438,9.165746688842773,0.05000000074505806,1.0,359.0,9.999999747378752e-05,0.2590128779411316
27.31999969482422,9.200623512268066,0.05000000074505806,1.0,359.0,9.999999747378752e-05,0.5266218781471252
25.899999618530273,9.240697860717773,0.05000000074505806,1.0,359.0,9.999999747378752e-05,0.005517028737813234
26.020000457763672,9.228009223937988,0.05000000074505806,1.0,358.0,9.999999747378752e-05,0.26257336139678955
26.579999923706055,9.213041305541992,0.05000000074505806,1.0,358.0,9.999999747378752e-05,0.0022189910523593426
26.739999771118164,9.207697868347168,0.05000000074505806,1.0,358.0,9.999999747378752e-05,0.25736483931541443
26.889999389648438,9.201648712158203,0.05000000074505806,1.0,358.0,9.999999747378752e-05,0.0018166981171816587
26.190000534057617,9.231260299682617,0.05000000074505806,1.0,358.0,9.999999747378752e-05,0.0026718443259596825
24.600000381469727,9.27374267578125,0.05000000074505806,1.0,358.0,9.999999747378752e-05,0.53044193983078
24.81999969482422,9.26035213470459,0.05000000074505806,1.0,357.0,9.999999747378752e-05,0.0011804865207523108
25.350000381469727,9.241991996765137,0.05000000074505806,1.0,357.0,9.999999747378752e-05,0.003628226462751627
25.450000762939453,9.23322582244873,0.05000000074505806,1.0,357.0,9.999999747378752e-05,0.0009906531777232885
25.219999313354492,9.238628387451172,0.05000000074505806,1.0,357.0,9.999999747378752e-05,0.27256226539611816
24.530000686645508,9.251548767089844,0.05000000074505806,1.0,357.0,9.999999747378752e-05,0.2584760785102844
24.889999389648438,9.234478950500488,0.05000000074505806,1.0,357.0,9.999999747378752e-05,0.0013811471872031689
23.899999618530273,9.264066696166992,0.05000000074505806,1.0,357.0,9.999999747378752e-05,0.0012860898859798908
23.579999923706055,9.270553588867188,0.05000000074505806,1.0,356.0,9.999999747378752e-05,0.5180597901344299
23.8700008392334,9.26009750366211,0.05000000074505806,1.0,356.0,9.999999747378752e-05,0.0012987833470106125
23.8700008392334,9.265758514404297,0.05000000074505806,1.0,356.0,9.999999747378752e-05,0.005534762982279062
22.860000610351562,9.293303489685059,0.05000000074505806,1.0,356.0,9.999999747378752e-05,0.0007795053534209728
22.93000030517578,9.294107437133789,0.05000000074505806,1.0,356.0,9.999999747378752e-05,0.00158380763605237
22.950000762939453,9.295363426208496,0.05000000074505806,1.0,356.0,9.999999747378752e-05,0.2632059156894684
22.56999969482422,9.308574676513672,0.05000000074505806,1.0,356.0,9.999999747378752e-05,0.00246250769123435
22.81999969482422,9.282620429992676,0.05000000074505806,1.0,355.0,9.999999747378752e-05,0.0010294602252542973
22.299999237060547,9.286760330200195,0.05000000074505806,1.0,355.0,9.999999747378752e-05,0.0034143319353461266
22.229999542236328,9.286025047302246,0.05000000074505806,1.0,355.0,9.999999747378752e-05,0.262968510389328
21.809999465942383,9.3003511428833,0.05000000074505806,1.0,355.0,9.999999747378752e-05,0.00361143471673131
21.579999923706055,9.312695503234863,0.05000000074505806,1.0,355.0,9.999999747378752e-05,0.0006348378374241292
21.469999313354492,9.321585655212402,0.05000000074505806,1.0,355.0,9.999999747378752e-05,0.001257466385141015
20.510000228881836,9.355806350708008,0.05000000074505806,1.0,355.0,9.999999747378752e-05,0.0009663293021731079
21.079999923706055,9.346491813659668,0.05000000074505806,1.0,355.0,9.999999747378752e-05,0.2581809163093567
20.010000228881836,9.384041786193848,0.05000000074505806,1.0,355.0,9.999999747378752e-05,0.0007698192493990064
19.68000030517578,9.396124839782715,0.05000000074505806,1.0,355.0,9.999999747378752e-05,0.0006305861752480268
21.010000228881836,9.368481636047363,0.05000000074505806,1.0,355.0,9.999999747378752e-05,0.001189541188068688
20.959999084472656,9.371376037597656,0.05000000074505806,1.0,355.0,9.999999747378752e-05,0.5090770125389099
20.479999542236328,9.391034126281738,0.05000000074505806,1.0,355.0,9.999999747378752e-05,0.2674262225627899
21.43000030517578,9.37315845489502,0.05000000074505806,1.0,354.0,9.999999747378752e-05,0.2647364139556885
21.56999969482422,9.367838859558105,0.05000000074505806,1.0,354.0,9.999999747378752e-05,0.5203514695167542
22.079999923706055,9.356245994567871,0.05000000074505806,1.0,354.0,9.999999747378752e-05,0.0024900943972170353
21.100000381469727,9.392426490783691,0.05000000074505806,1.0,354.0,9.999999747378752e-05,0.2635413706302643
21.84000015258789,9.368038177490234,0.05000000074505806,1.0,354.0,9.999999747378752e-05,0.2466277778148651
21.920000076293945,9.363720893859863,0.05000000074505806,1.0,354.0,9.999999747378752e-05,0.005635926034301519
21.010000228881836,9.386826515197754,0.05000000074505806,1.0,354.0,9.999999747378752e-05,0.2583160698413849
20.979999542236328,9.364912986755371,0.05000000074505806,1.0,354.0,9.999999747378752e-05,0.2755325436592102
21.600000381469727,9.351758003234863,0.05000000074505806,1.0,353.0,9.999999747378752e-05,0.011534085497260094
20.780000686645508,9.368021965026855,0.05000000074505806,1.0,353.0,9.999999747378752e-05,0.004110917914658785
20.559999465942383,9.365906715393066,0.05000000074505806,1.0,353.0,9.999999747378752e-05,0.00809493474662304
20.1299991607666,9.378984451293945,0.05000000074505806,1.0,353.0,9.999999747378752e-05,0.506835401058197
20.329999923706055,9.394499778747559,0.05000000074505806,1.0,353.0,9.999999747378752e-05,0.0019506800454109907
20.43000030517578,9.400548934936523,0.05000000074505806,1.0,352.0,9.999999747378752e-05,0.002183792181313038
21.479999542236328,9.37405014038086,0.05000000074505806,1.0,352.0,9.999999747378752e-05,0.004482626914978027
22.549999237060547,9.346028327941895,0.05000000074505806,1.0,352.0,9.999999747378752e-05,0.2565207779407501
22.6200008392334,9.343077659606934,0.05000000074505806,1.0,352.0,9.999999747378752e-05,0.007926095277071
23.530000686645508,9.312602043151855,0.05000000074505806,1.0,351.0,9.999999747378752e-05,0.0017995116068050265
24.389999389648438,9.291796684265137,0.05000000074505806,1.0,351.0,9.999999747378752e-05,0.2604890465736389
23.700000762939453,9.304903984069824,0.05000000074505806,1.0,351.0,9.999999747378752e-05,0.0026342449709773064
23.989999771118164,9.296402931213379,0.05000000074505806,1.0,351.0,9.999999747378752e-05,0.2477460503578186
24.239999771118164,9.286731719970703,0.05000000074505806,1.0,350.0,9.999999747378752e-05,0.006293906830251217
24.06999969482422,9.282907485961914,0.05000000074505806,1.0,350.0,9.999999747378752e-05,0.0076797460205852985
24.489999771118164,9.273720741271973,0.05000000074505806,1.0,350.0,9.999999747378752e-05,0.0049040550366044044
25.420000076293945,9.241488456726074,0.05000000074505806,1.0,350.0,9.999999747378752e-05,0.26535171270370483
24.68000030517578,9.246432304382324,0.05000000074505806,1.0,350.0,9.999999747378752e-05,0.0014000439550727606
24.239999771118164,9.261792182922363,0.05000000074505806,1.0,349.0,9.999999747378752e-05,0.003806420136243105
24.700000762939453,9.258323669433594,0.05000000074505806,1.0,349.0,9.999999747378752e-05,0.2530333697795868
25.75,9.22093677520752,0.05000000074505806,1.0,349.0,9.999999747378752e-05,0.001980007626116276
25.170000076293945,9.23350715637207,0.05000000074505806,1.0,349.0,9.999999747378752e-05,0.2471262514591217
26.25,9.210993766784668,0.05000000074505806,1.0,348.0,9.999999747378752e-05,0.2587343156337738
26.899999618530273,9.194087028503418,0.05000000074505806,1.0,348.0,9.999999747378752e-05,0.005115913227200508
27.40999984741211,9.196189880371094,0.05000000074505806,1.0,348.0,9.999999747378752e-05,0.2450440675020218
27.600000381469727,9.1839599609375,0.05000000074505806,1.0,347.0,9.999999747378752e-05,0.001054836786352098
28.270000457763672,9.176810264587402,0.05000000074505806,1.0,347.0,9.999999747378752e-05,0.0033687837421894073
28.06999969482422,9.191771507263184,0.05000000074505806,1.0,347.0,9.999999747378752e-05,0.25999554991722107
32.369998931884766,8.98516845703125,0.05000000074505806,0.9900000095367432,346.0,9.999999747378752e-05,0.0064771356992423534
31.540000915527344,9.004222869873047,0.05000000074505806,0.9900000095367432,346.0,9.999999747378752e-05,0.004608234856277704
31.690000534057617,8.996655464172363,0.05000000074505806,0.9900000095367432,346.0,9.999999747378752e-05,0.2577376961708069
31.43000030517578,8.999641418457031,0.05000000074505806,0.9900000095367432,346.0,9.999999747378752e-05,0.00392363965511322
30.3799991607666,9.027514457702637,0.05000000074505806,0.9900000095367432,346.0,9.999999747378752e-05,0.0020448940340429544
30.34000015258789,9.029768943786621,0.05000000074505806,0.9900000095367432,346.0,9.999999747378752e-05,0.2541443109512329
29.649999618530273,9.054342269897461,0.05000000074505806,0.9900000095367432,346.0,9.999999747378752e-05,0.0030493601225316525
29.020000457763672,9.071392059326172,0.05000000074505806,0.9900000095367432,346.0,9.999999747378752e-05,0.011753704398870468
29.639999389648438,9.052395820617676,0.05000000074505806,0.9900000095367432,345.0,9.999999747378752e-05,0.0036226497031748295
29.510000228881836,9.051998138427734,0.05000000074505806,0.9900000095367432,345.0,9.999999747378752e-05,0.003452872857451439
29.360000610351562,9.058330535888672,0.05000000074505806,0.9900000095367432,345.0,9.999999747378752e-05,0.0021607130765914917
28.18000030517578,9.092535972595215,0.05000000074505806,0.9900000095367432,345.0,9.999999747378752e-05,0.250379741191864
28.899999618530273,9.075485229492188,0.05000000074505806,0.9900000095367432,345.0,9.999999747378752e-05,0.2489667534828186
28.149999618530273,9.091261863708496,0.05000000074505806,0.9900000095367432,345.0,9.999999747378752e-05,0.002665897598490119
28.399999618530273,9.091350555419922,0.05000000074505806,0.9900000095367432,344.0,9.999999747378752e-05,0.7320306301116943
28.15999984741211,9.094586372375488,0.05000000074505806,0.9900000095367432,344.0,9.999999747378752e-05,0.004002255853265524
27.610000610351562,9.101983070373535,0.05000000074505806,0.9900000095367432,344.0,9.999999747378752e-05,0.0005143638700246811
27.90999984741211,9.096207618713379,0.05000000074505806,0.9900000095367432,344.0,9.999999747378752e-05,0.003121386980637908
27.639999389648438,9.111178398132324,0.05000000074505806,0.9900000095367432,344.0,9.999999747378752e-05,0.26007580757141113
27.530000686645508,9.103119850158691,0.05000000074505806,0.9900000095367432,343.0,9.999999747378752e-05,0.002332636620849371
27.18000030517578,9.12069034576416,0.05000000074505806,0.9900000095367432,343.0,9.999999747378752e-05,0.24544906616210938
26.770000457763672,9.125958442687988,0.05000000074505806,0.9900000095367432,343.0,9.999999747378752e-05,0.00488557992503047
26.100000381469727,9.148761749267578,0.05000000074505806,0.9900000095367432,343.0,9.999999747378752e-05,0.0016400101594626904
25.760000228881836,9.150858879089355,0.05000000074505806,0.9900000095367432,343.0,9.999999747378752e-05,0.2633238136768341
26.270000457763672,9.130440711975098,0.05000000074505806,0.9900000095367432,343.0,9.999999747378752e-05,0.24817149341106415
22.34000015258789,9.324832916259766,0.05000000074505806,1.0,343.0,9.999999747378752e-05,0.0026427782140672207
23.0,9.313413619995117,0.05000000074505806,1.0,343.0,9.999999747378752e-05,0.0013737756526097655
22.950000762939453,9.318666458129883,0.05000000074505806,1.0,343.0,9.999999747378752e-05,0.004600877873599529
22.100000381469727,9.341593742370605,0.05000000074505806,1.0,343.0,9.999999747378752e-05,0.24712933599948883
22.239999771118164,9.338800430297852,0.05000000074505806,1.0,343.0,9.999999747378752e-05,0.004706095438450575
22.780000686645508,9.304666519165039,0.05000000074505806,1.0,343.0,9.999999747378752e-05,0.004469279199838638
23.059999465942383,9.299365997314453,0.05000000074505806,1.0,343.0,9.999999747378752e-05,0.26502561569213867
22.940000534057617,9.297962188720703,0.05000000074505806,1.0,343.0,9.999999747378752e-05,0.49003443121910095
23.059999465942383,9.298791885375977,0.05000000074505806,1.0,343.0,9.999999747378752e-05,0.002959169214591384
22.850000381469727,9.311339378356934,0.05000000074505806,1.0,343.0,9.999999747378752e-05,0.0024848165921866894
23.360000610351562,9.30147933959961,0.05000000074505806,1.0,343.0,9.999999747378752e-05,0.25616174936294556
23.65999984741211,9.289454460144043,0.05000000074505806,1.0,343.0,9.999999747378752e-05,0.0037666482385247946
22.600000381469727,9.310819625854492,0.05000000074505806,1.0,343.0,9.999999747378752e-05,0.24653610587120056
22.700000762939453,9.315801620483398,0.05000000074505806,1.0,343.0,9.999999747378752e-05,0.0024936608970165253
22.700000762939453,9.319564819335938,0.05000000074505806,1.0,343.0,9.999999747378752e-05,0.002719632349908352
22.8799991607666,9.31797981262207,0.05000000074505806,1.0,342.0,9.999999747378752e-05,0.001098720938898623
22.40999984741211,9.33400821685791,0.05000000074505806,1.0,342.0,9.999999747378752e-05,0.005219683982431889
21.809999465942383,9.347485542297363,0.05000000074505806,1.0,342.0,9.999999747378752e-05,0.006053046323359013
22.440000534057617,9.333685874938965,0.05000000074505806,1.0,342.0,9.999999747378752e-05,0.4971015751361847
22.299999237060547,9.34189224243164,0.05000000074505806,1.0,342.0,9.999999747378752e-05,0.0008190254447981715
22.34000015258789,9.330692291259766,0.05000000074505806,1.0,342.0,9.999999747378752e-05,0.003242594189941883
22.350000381469727,9.335357666015625,0.05000000074505806,1.0,342.0,9.999999747378752e-05,0.2644972801208496
22.209999084472656,9.335589408874512,0.05000000074505806,1.0,342.0,9.999999747378752e-05,0.2619986832141876
22.190000534057617,9.339460372924805,0.05000000074505806,1.0,341.0,9.999999747378752e-05,0.25426334142684937
22.059999465942383,9.344858169555664,0.05000000074505806,1.0,341.0,9.999999747378752e-05,0.011068904772400856
21.90999984741211,9.348087310791016,0.05000000074505806,1.0,341.0,9.999999747378752e-05,0.24769000709056854
21.389999389648438,9.356405258178711,0.05000000074505806,1.0,341.0,9.999999747378752e-05,0.0010271028149873018
20.920000076293945,9.370139122009277,0.05000000074505806,1.0,341.0,9.999999747378752e-05,0.7241253852844238
20.729999542236328,9.382146835327148,0.05000000074505806,1.0,341.0,9.999999747378752e-05,0.004046676680445671
20.899999618530273,9.373366355895996,0.05000000074505806,1.0,341.0,9.999999747378752e-05,0.2575201392173767
20.59000015258789,9.38718032836914,0.05000000074505806,1.0,341.0,9.999999747378752e-05,0.23462820053100586
19.979999542236328,9.395516395568848,0.05000000074505806,1.0,341.0,9.999999747378752e-05,0.007979855872690678
20.31999969482422,9.38699722290039,0.05000000074505806,1.0,340.0,9.999999747378752e-05,0.24814969301223755
19.530000686645508,9.40846061706543,0.05000000074505806,1.0,340.0,9.999999747378752e-05,0.4871930778026581
19.329999923706055,9.409501075744629,0.05000000074505806,1.0,340.0,9.999999747378752e-05,0.006500133313238621
18.809999465942383,9.418420791625977,0.05000000074505806,1.0,340.0,9.999999747378752e-05,0.009110535494983196
18.950000762939453,9.412341117858887,0.05000000074505806,1.0,340.0,9.999999747378752e-05,0.006601189728826284
19.219999313354492,9.403395652770996,0.05000000074505806,1.0,340.0,9.999999747378752e-05,0.2545609176158905
19.600000381469727,9.39852523803711,0.05000000074505806,1.0,340.0,9.999999747378752e-05,0.004289211705327034
19.3799991607666,9.40229606628418,0.05000000074505806,1.0,340.0,9.999999747378752e-05,0.24402731657028198
19.450000762939453,9.395676612854004,0.05000000074505806,1.0,339.0,9.999999747378752e-05,0.012858700007200241
19.649999618530273,9.387506484985352,0.05000000074505806,1.0,339.0,9.999999747378752e-05,0.240249902009964
19.40999984741211,9.404021263122559,0.05000000074505806,1.0,339.0,9.999999747378752e-05,0.00379491806961596
19.309999465942383,9.392045021057129,0.05000000074505806,1.0,339.0,9.999999747378752e-05,0.2544243335723877
19.600000381469727,9.382511138916016,0.05000000074505806,1.0,339.0,9.999999747378752e-05,0.01112731359899044
18.8700008392334,9.408323287963867,0.05000000074505806,1.0,339.0,9.999999747378752e-05,0.011220602318644524
19.09000015258789,9.391477584838867,0.05000000074505806,1.0,339.0,9.999999747378752e-05,0.009844465181231499
19.280000686645508,9.384847640991211,0.05000000074505806,1.0,339.0,9.999999747378752e-05,0.006809266284108162
19.260000228881836,9.378907203674316,0.05000000074505806,1.0,338.0,9.999999747378752e-05,0.24485629796981812
19.200000762939453,9.379377365112305,0.05000000074505806,1.0,338.0,9.999999747378752e-05,0.0005317165632732213
20.360000610351562,9.340006828308105,0.05000000074505806,1.0,338.0,9.999999747378752e-05,0.0016981102526187897
20.149999618530273,9.348631858825684,0.05000000074505806,1.0,338.0,9.999999747378752e-05,0.2683854103088379
20.149999618530273,9.342345237731934,0.05000000074505806,1.0,338.0,9.999999747378752e-05,0.004566208925098181
20.760000228881836,9.327377319335938,0.05000000074505806,1.0,338.0,9.999999747378752e-05,0.005549570545554161
21.530000686645508,9.302542686462402,0.05000000074505806,1.0,338.0,9.999999747378752e-05,0.0012471270747482777
21.40999984741211,9.316988945007324,0.05000000074505806,1.0,338.0,9.999999747378752e-05,0.003404593328014016
21.440000534057617,9.320451736450195,0.05000000074505806,1.0,338.0,9.999999747378752e-05,0.006364490836858749
20.850000381469727,9.33286190032959,0.05000000074505806,1.0,338.0,9.999999747378752e-05,0.47364211082458496
21.110000610351562,9.326330184936523,0.05000000074505806,1.0,338.0,9.999999747378752e-05,0.001768549787811935
22.030000686645508,9.300415992736816,0.05000000074505806,1.0,338.0,9.999999747378752e-05,0.2612503170967102
22.739999771118164,9.283598899841309,0.05000000074505806,1.0,338.0,9.999999747378752e-05,0.005313718691468239
22.850000381469727,9.282180786132812,0.05000000074505806,1.0,338.0,9.999999747378752e-05,0.0006072795949876308
22.059999465942383,9.310136795043945,0.05000000074505806,1.0,338.0,9.999999747378752e-05,0.2393287867307663
21.540000915527344,9.326338768005371,0.05000000074505806,1.0,338.0,9.999999747378752e-05,0.7472547292709351
21.510000228881836,9.325340270996094,0.05000000074505806,1.0,338.0,9.999999747378752e-05,0.4891452491283417
21.829999923706055,9.319598197937012,0.05000000074505806,1.0,338.0,9.999999747378752e-05,0.4923098385334015
21.649999618530273,9.321144104003906,0.05000000074505806,1.0,338.0,9.999999747378752e-05,0.004117444157600403
21.299999237060547,9.329488754272461,0.05000000074505806,1.0,338.0,9.999999747378752e-05,0.010496367700397968
21.079999923706055,9.348491668701172,0.05000000074505806,1.0,338.0,9.999999747378752e-05,0.001306226709857583
19.649999618530273,9.387883186340332,0.05000000074505806,1.0,338.0,9.999999747378752e-05,0.26546090841293335
19.889999389648438,9.376197814941406,0.05000000074505806,1.0,338.0,9.999999747378752e-05,0.006932459771633148
19.510000228881836,9.391767501831055,0.05000000074505806,1.0,338.0,9.999999747378752e-05,0.0014639892615377903
18.940000534057617,9.412886619567871,0.05000000074505806,1.0,338.0,9.999999747378752e-05,0.49959054589271545
18.290000915527344,9.435989379882812,0.05000000074505806,1.0,338.0,9.999999747378752e-05,0.00493584806099534
17.799999237060547,9.452107429504395,0.05000000074505806,1.0,338.0,9.999999747378752e-05,0.0019126341212540865
17.15999984741211,9.487628936767578,0.05000000074505806,1.0,338.0,9.999999747378752e-05,0.25463810563087463
17.889999389648438,9.458451271057129,0.05000000074505806,1.0,338.0,9.999999747378752e-05,0.003967421595007181
18.149999618530273,9.462359428405762,0.05000000074505806,1.0,337.0,9.999999747378752e-05,0.01338295266032219
18.149999618530273,9.463155746459961,0.05000000074505806,1.0,337.0,9.999999747378752e-05,0.23128393292427063
17.059999465942383,9.499103546142578,0.05000000074505806,1.0,337.0,9.999999747378752e-05,0.24242305755615234
17.420000076293945,9.481542587280273,0.05000000074505806,1.0,337.0,9.999999747378752e-05,0.5133371353149414
17.639999389648438,9.477972984313965,0.05000000074505806,1.0,337.0,9.999999747378752e-05,0.0035417054314166307
17.709999084472656,9.482208251953125,0.05000000074505806,1.0,337.0,9.999999747378752e-05,0.009762080386281013
17.649999618530273,9.482736587524414,0.05000000074505806,1.0,337.0,9.999999747378752e-05,0.0027131298556923866
17.31999969482422,9.493857383728027,0.05000000074505806,1.0,337.0,9.999999747378752e-05,0.23797675967216492
16.8799991607666,9.504408836364746,0.05000000074505806,1.0,337.0,9.999999747378752e-05,0.47421830892562866
16.229999542236328,9.52874755859375,0.05000000074505806,1.0,337.0,9.999999747378752e-05,0.23979957401752472
16.75,9.512116432189941,0.05000000074505806,1.0,337.0,9.999999747378752e-05,0.005523086059838533
17.209999084472656,9.490221977233887,0.05000000074505806,1.0,337.0,9.999999747378752e-05,0.003570905886590481
17.389999389648438,9.486114501953125,0.05000000074505806,1.0,337.0,9.999999747378752e-05,0.2529163956642151
17.020000457763672,9.492759704589844,0.05000000074505806,1.0,337.0,9.999999747378752e-05,0.474089115858078
17.559999465942383,9.488727569580078,0.05000000074505806,1.0,337.0,9.999999747378752e-05,0.0031917544547468424
18.549999237060547,9.467524528503418,0.05000000074505806,1.0,337.0,9.999999747378752e-05,0.46868544816970825
18.440000534057617,9.461943626403809,0.05000000074505806,1.0,337.0,9.999999747378752e-05,0.24284081161022186
18.790000915527344,9.457402229309082,0.05000000074505806,1.0,337.0,9.999999747378752e-05,0.005445417948067188
18.530000686645508,9.472954750061035,0.05000000074505806,1.0,337.0,9.999999747378752e-05,0.004521448165178299
18.110000610351562,9.496366500854492,0.05000000074505806,1.0,337.0,9.999999747378752e-05,0.0015052155358716846
18.229999542236328,9.492691040039062,0.05000000074505806,1.0,337.0,9.999999747378752e-05,0.47113701701164246
18.770000457763672,9.482699394226074,0.05000000074505806,1.0,337.0,9.999999747378752e-05,0.005175466183573008
18.959999084472656,9.467476844787598,0.05000000074505806,1.0,337.0,9.999999747378752e-05,0.0077635436318814754
18.530000686645508,9.46780014038086,0.05000000074505806,1.0,337.0,9.999999747378752e-05,0.23221412301063538
18.190000534057617,9.490452766418457,0.05000000074505806,1.0,337.0,9.999999747378752e-05,0.0027864284347742796
18.3799991607666,9.486650466918945,0.05000000074505806,1.0,337.0,9.999999747378752e-05,0.4580913186073303
18.09000015258789,9.485563278198242,0.05000000074505806,1.0,337.0,9.999999747378752e-05,0.24003863334655762
18.329999923706055,9.469942092895508,0.05000000074505806,1.0,337.0,9.999999747378752e-05,0.24742096662521362
18.079999923706055,9.489214897155762,0.05000000074505806,1.0,336.0,9.999999747378752e-05,0.01782996580004692
18.3700008392334,9.481080055236816,0.05000000074505806,1.0,336.0,9.999999747378752e-05,0.2610786557197571
19.100000381469727,9.463933944702148,0.05000000074505806,1.0,336.0,9.999999747378752e-05,0.23766468465328217
18.850000381469727,9.474102020263672,0.05000000074505806,1.0,336.0,9.999999747378752e-05,0.21871335804462433
18.81999969482422,9.472558975219727,0.05000000074505806,1.0,336.0,9.999999747378752e-05,0.003546795342117548
18.790000915527344,9.466361999511719,0.05000000074505806,1.0,336.0,9.999999747378752e-05,0.012470412068068981
19.149999618530273,9.445856094360352,0.05000000074505806,1.0,336.0,9.999999747378752e-05,0.017690304666757584
19.610000610351562,9.432782173156738,0.05000000074505806,1.0,336.0,9.999999747378752e-05,0.23905713856220245
19.030000686645508,9.454846382141113,0.05000000074505806,1.0,336.0,9.999999747378752e-05,0.006899090483784676
19.360000610351562,9.45253849029541,0.05000000074505806,1.0,335.0,9.999999747378752e-05,0.24435275793075562
19.469999313354492,9.451079368591309,0.05000000074505806,1.0,335.0,9.999999747378752e-05,0.006156140938401222
19.25,9.451603889465332,0.05000000074505806,1.0,335.0,9.999999747378752e-05,0.010833755135536194
18.489999771118164,9.45862102508545,0.05000000074505806,1.0,335.0,9.999999747378752e-05,0.2555347681045532
19.270000457763672,9.45015811920166,0.05000000074505806,1.0,335.0,9.999999747378752e-05,0.2295534908771515
19.049999237060547,9.453765869140625,0.05000000074505806,1.0,335.0,9.999999747378752e-05,0.23511779308319092
19.18000030517578,9.44792652130127,0.05000000074505806,1.0,335.0,9.999999747378752e-05,0.0059339990839362144
19.760000228881836,9.433198928833008,0.05000000074505806,1.0,335.0,9.999999747378752e-05,0.270072340965271
20.0,9.420184135437012,0.05000000074505806,1.0,334.0,9.999999747378752e-05,0.012581709772348404
19.670000076293945,9.426606178283691,0.05000000074505806,1.0,334.0,9.999999747378752e-05,0.0029634858947247267
19.81999969482422,9.426063537597656,0.05000000074505806,1.0,334.0,9.999999747378752e-05,0.011239896528422832
20.110000610351562,9.418230056762695,0.05000000074505806,1.0,334.0,9.999999747378752e-05,0.005096373148262501
19.799999237060547,9.420858383178711,0.05000000074505806,1.0,334.0,9.999999747378752e-05,0.23799052834510803
19.229999542236328,9.435770988464355,0.05000000074505806,1.0,334.0,9.999999747378752e-05,0.0021871249191462994
19.290000915527344,9.436522483825684,0.05000000074505806,1.0,334.0,9.999999747378752e-05,0.002072579925879836
19.520000457763672,9.428589820861816,0.05000000074505806,1.0,334.0,9.999999747378752e-05,0.010731811635196209
19.850000381469727,9.412434577941895,0.05000000074505806,1.0,333.0,9.999999747378752e-05,0.0014431774616241455
19.56999969482422,9.418998718261719,0.05000000074505806,1.0,333.0,9.999999747378752e-05,0.237725168466568
19.139999389648438,9.427876472473145,0.05000000074505806,1.0,333.0,9.999999747378752e-05,0.69367915391922
19.649999618530273,9.409218788146973,0.05000000074505806,1.0,333.0,9.999999747378752e-05,0.001118174521252513
19.489999771118164,9.408156394958496,0.05000000074505806,1.0,333.0,9.999999747378752e-05,0.25425800681114197
19.68000030517578,9.412939071655273,0.05000000074505806,1.0,333.0,9.999999747378752e-05,0.23074348270893097
19.579999923706055,9.429107666015625,0.05000000074505806,1.0,333.0,9.999999747378752e-05,0.7204443216323853
18.290000915527344,9.467331886291504,0.05000000074505806,1.0,333.0,9.999999747378752e-05,0.46894019842147827
18.489999771118164,9.466180801391602,0.05000000074505806,1.0,333.0,9.999999747378752e-05,0.4784589409828186
18.219999313354492,9.465036392211914,0.05000000074505806,1.0,332.0,9.999999747378752e-05,0.44657230377197266
17.989999771118164,9.475630760192871,0.05000000074505806,1.0,332.0,9.999999747378752e-05,0.0017853106837719679
18.1299991607666,9.46753978729248,0.05000000074505806,1.0,332.0,9.999999747378752e-05,0.004256313666701317
17.920000076293945,9.47127628326416,0.05000000074505806,1.0,332.0,9.999999747378752e-05,0.2529140114784241
17.510000228881836,9.47476577758789,0.05000000074505806,1.0,332.0,9.999999747378752e-05,0.002970687113702297
17.899999618530273,9.470577239990234,0.05000000074505806,1.0,332.0,9.999999747378752e-05,0.0014779141638427973
18.110000610351562,9.461899757385254,0.05000000074505806,1.0,332.0,9.999999747378752e-05,0.22215303778648376
18.6299991607666,9.432581901550293,0.05000000074505806,1.0,332.0,9.999999747378752e-05,0.008833627216517925
18.5,9.439447402954102,0.05000000074505806,1.0,332.0,9.999999747378752e-05,0.0010501898359507322
18.829999923706055,9.428836822509766,0.05000000074505806,1.0,332.0,9.999999747378752e-05,0.234726682305336
19.489999771118164,9.419708251953125,0.05000000074505806,1.0,331.0,9.999999747378752e-05,0.008323094807565212
19.520000457763672,9.421127319335938,0.05000000074505806,1.0,331.0,9.999999747378752e-05,0.005563103593885899
19.600000381469727,9.41952896118164,0.05000000074505806,1.0,331.0,9.999999747378752e-05,0.2520288825035095
19.420000076293945,9.422266960144043,0.05000000074505806,1.0,331.0,9.999999747378752e-05,0.24025467038154602
19.760000228881836,9.419078826904297,0.05000000074505806,1.0,331.0,9.999999747378752e-05,0.24060478806495667
19.5,9.434942245483398,0.05000000074505806,1.0,331.0,9.999999747378752e-05,0.4680202007293701
18.8799991607666,9.45606803894043,0.05000000074505806,1.0,331.0,9.999999747378752e-05,0.004221115726977587
18.530000686645508,9.466075897216797,0.05000000074505806,1.0,331.0,9.999999747378752e-05,0.4795675575733185
18.15999984741211,9.47341251373291,0.05000000074505806,1.0,331.0,9.999999747378752e-05,0.009751763194799423
18.479999542236328,9.440533638000488,0.05000000074505806,1.0,330.0,9.999999747378752e-05,0.002433448564261198
18.729999542236328,9.440589904785156,0.05000000074505806,1.0,330.0,9.999999747378752e-05,0.007325648330152035
18.31999969482422,9.439898490905762,0.05000000074505806,1.0,330.0,9.999999747378752e-05,0.4755284786224365
18.639999389648438,9.421445846557617,0.05000000074505806,1.0,330.0,9.999999747378752e-05,0.22638049721717834
19.450000762939453,9.39217472076416,0.05000000074505806,1.0,330.0,9.999999747378752e-05,0.23476539552211761
19.739999771118164,9.37590217590332,0.05000000074505806,1.0,330.0,9.999999747378752e-05,0.949906051158905
19.190000534057617,9.399861335754395,0.05000000074505806,1.0,330.0,9.999999747378752e-05,0.23070116341114044
19.469999313354492,9.388625144958496,0.05000000074505806,1.0,330.0,9.999999747378752e-05,0.24455463886260986
19.239999771118164,9.39869213104248,0.05000000074505806,1.0,330.0,9.999999747378752e-05,0.2567233145236969
19.309999465942383,9.408377647399902,0.05000000074505806,1.0,330.0,9.999999747378752e-05,0.48721742630004883
19.15999984741211,9.411847114562988,0.05000000074505806,1.0,330.0,9.999999747378752e-05,0.5112084746360779
18.709999084472656,9.417601585388184,0.05000000074505806,1.0,330.0,9.999999747378752e-05,0.007400501519441605
18.5,9.42436408996582,0.05000000074505806,1.0,330.0,9.999999747378752e-05,0.2578943073749542
17.760000228881836,9.45504379272461,0.05000000074505806,1.0,330.0,9.999999747378752e-05,0.23707500100135803
17.8799991607666,9.452486991882324,0.05000000074505806,1.0,329.0,9.999999747378752e-05,0.004293343517929316
17.40999984741211,9.464094161987305,0.05000000074505806,1.0,329.0,9.999999747378752e-05,0.247094064950943
16.639999389648438,9.47741985321045,0.05000000074505806,1.0,329.0,9.999999747378752e-05,0.2184719741344452
16.010000228881836,9.496756553649902,0.05000000074505806,1.0,329.0,9.999999747378752e-05,0.4500446319580078
16.219999313354492,9.492254257202148,0.05000000074505806,1.0,329.0,9.999999747378752e-05,0.011636270210146904
16.3700008392334,9.488748550415039,0.05000000074505806,1.0,329.0,9.999999747378752e-05,0.21961037814617157
16.479999542236328,9.484664916992188,0.05000000074505806,1.0,329.0,9.999999747378752e-05,0.4515816569328308
16.479999542236328,9.487378120422363,0.05000000074505806,1.0,329.0,9.999999747378752e-05,0.22793637216091156
16.780000686645508,9.468147277832031,0.05000000074505806,1.0,329.0,9.999999747378752e-05,0.0007998636574484408
17.149999618530273,9.458053588867188,0.05000000074505806,1.0,329.0,9.999999747378752e-05,0.006492386572062969
17.239999771118164,9.452216148376465,0.05000000074505806,1.0,329.0,9.999999747378752e-05,0.0016195086063817143
16.670000076293945,9.494882583618164,0.05000000074505806,1.0,329.0,9.999999747378752e-05,0.003412927035242319
16.010000228881836,9.511168479919434,0.05000000074505806,1.0,328.0,9.999999747378752e-05,0.005599198397248983
15.869999885559082,9.52131175994873,0.05000000074505806,1.0,328.0,9.999999747378752e-05,0.005094978958368301
15.470000267028809,9.533248901367188,0.05000000074505806,1.0,328.0,9.999999747378752e-05,0.002845470327883959
15.050000190734863,9.548086166381836,0.05000000074505806,1.0,328.0,9.999999747378752e-05,0.2379802018404007
14.819999694824219,9.552955627441406,0.05000000074505806,1.0,328.0,9.999999747378752e-05,0.22344212234020233
15.149999618530273,9.546113967895508,0.05000000074505806,1.0,328.0,9.999999747378752e-05,0.035372279584407806
15.09000015258789,9.545035362243652,0.05000000074505806,1.0,328.0,9.999999747378752e-05,0.22546176612377167
14.979999542236328,9.54671573638916,0.05000000074505806,1.0,328.0,9.999999747378752e-05,0.48715659976005554
14.890000343322754,9.547516822814941,0.05000000074505806,1.0,328.0,9.999999747378752e-05,0.22283555567264557
15.029999732971191,9.54085636138916,0.05000000074505806,1.0,328.0,9.999999747378752e-05,0.009208927862346172
15.130000114440918,9.534673690795898,0.05000000074505806,1.0,328.0,9.999999747378752e-05,0.01871851086616516
15.380000114440918,9.524784088134766,0.05000000074505806,1.0,328.0,9.999999747378752e-05,0.5100564360618591
15.359999656677246,9.523486137390137,0.05000000074505806,1.0,327.0,9.999999747378752e-05,0.0016327959019690752
15.680000305175781,9.498970031738281,0.05000000074505806,1.0,327.0,9.999999747378752e-05,0.0012786604929715395
16.219999313354492,9.478190422058105,0.05000000074505806,1.0,327.0,9.999999747378752e-05,0.23260977864265442
16.100000381469727,9.482009887695312,0.05000000074505806,1.0,327.0,9.999999747378752e-05,0.007621495518833399
17.09000015258789,9.459732055664062,0.05000000074505806,1.0,327.0,9.999999747378752e-05,0.006972835399210453
16.790000915527344,9.46208381652832,0.05000000074505806,1.0,327.0,9.999999747378752e-05,0.013913415372371674
16.770000457763672,9.464588165283203,0.05000000074505806,1.0,327.0,9.999999747378752e-05,0.23061129450798035
16.889999389648438,9.46155071258545,0.05000000074505806,1.0,327.0,9.999999747378752e-05,0.0042479680851101875
16.719999313354492,9.467181205749512,0.05000000074505806,1.0,327.0,9.999999747378752e-05,0.22480833530426025
16.450000762939453,9.481380462646484,0.05000000074505806,1.0,327.0,9.999999747378752e-05,0.21221256256103516
16.329999923706055,9.472832679748535,0.05000000074505806,1.0,327.0,9.999999747378752e-05,0.2681135833263397
16.229999542236328,9.478260040283203,0.05000000074505806,1.0,326.0,9.999999747378752e-05,0.002440031385049224
16.459999084472656,9.474875450134277,0.05000000074505806,1.0,326.0,9.999999747378752e-05,0.2240624874830246
17.329999923706055,9.443331718444824,0.05000000074505806,1.0,326.0,9.999999747378752e-05,0.005092168226838112
17.6200008392334,9.430252075195312,0.05000000074505806,1.0,326.0,9.999999747378752e-05,0.23813852667808533
18.149999618530273,9.420641899108887,0.05000000074505806,1.0,326.0,9.999999747378752e-05,0.25287434458732605
18.15999984741211,9.415407180786133,0.05000000074505806,1.0,326.0,9.999999747378752e-05,0.24313969910144806
17.809999465942383,9.431264877319336,0.05000000074505806,1.0,326.0,9.999999747378752e-05,0.003015561029314995
18.030000686645508,9.421298027038574,0.05000000074505806,1.0,326.0,9.999999747378752e-05,0.43658557534217834
17.899999618530273,9.42054557800293,0.05000000074505806,1.0,326.0,9.999999747378752e-05,0.22690875828266144
17.860000610351562,9.424046516418457,0.05000000074505806,1.0,325.0,9.999999747378752e-05,0.01633203960955143
17.920000076293945,9.423428535461426,0.05000000074505806,1.0,325.0,9.999999747378752e-05,0.0012778319651260972
17.31999969482422,9.44348430633545,0.05000000074505806,1.0,325.0,9.999999747378752e-05,0.21970495581626892
17.799999237060547,9.431334495544434,0.05000000074505806,1.0,325.0,9.999999747378752e-05,0.21871595084667206
18.1299991607666,9.430620193481445,0.05000000074505806,1.0,325.0,9.999999747378752e-05,0.0033702366054058075
17.989999771118164,9.431751251220703,0.05000000074505806,1.0,325.0,9.999999747378752e-05,0.2230122834444046
17.489999771118164,9.466288566589355,0.05000000074505806,1.0,325.0,9.999999747378752e-05,0.4385165870189667
17.75,9.460477828979492,0.05000000074505806,1.0,325.0,9.999999747378752e-05,0.0034535673912614584
18.010000228881836,9.456485748291016,0.05000000074505806,1.0,325.0,9.999999747378752e-05,0.24375951290130615
17.790000915527344,9.442681312561035,0.05000000074505806,1.0,324.0,9.999999747378752e-05,0.24711741507053375
17.549999237060547,9.452627182006836,0.05000000074505806,1.0,324.0,9.999999747378752e-05,0.4344479441642761
17.510000228881836,9.448802947998047,0.05000000074505806,1.0,324.0,9.999999747378752e-05,0.010898788459599018
16.989999771118164,9.457390785217285,0.05000000074505806,1.0,324.0,9.999999747378752e-05,0.44624704122543335
17.270000457763672,9.445448875427246,0.05000000074505806,1.0,324.0,9.999999747378752e-05,0.20533114671707153
18.030000686645508,9.426234245300293,0.05000000074505806,1.0,324.0,9.999999747378752e-05,0.014081300236284733
19.15999984741211,9.400492668151855,0.05000000074505806,1.0,324.0,9.999999747378752e-05,0.6810203790664673
19.360000610351562,9.393163681030273,0.05000000074505806,1.0,324.0,9.999999747378752e-05,0.4549250602722168
19.09000015258789,9.40042781829834,0.05000000074505806,1.0,324.0,9.999999747378752e-05,0.2165491133928299
18.940000534057617,9.418299674987793,0.05000000074505806,1.0,324.0,9.999999747378752e-05,0.6885936260223389
19.329999923706055,9.409331321716309,0.05000000074505806,1.0,324.0,9.999999747378752e-05,0.45530998706817627
18.780000686645508,9.422542572021484,0.05000000074505806,1.0,324.0,9.999999747378752e-05,0.007102265954017639
19.149999618530273,9.412728309631348,0.05000000074505806,1.0,324.0,9.999999747378752e-05,0.21390675008296967
19.799999237060547,9.384994506835938,0.05000000074505806,1.0,324.0,9.999999747378752e-05,0.2248264104127884
19.3700008392334,9.395834922790527,0.05000000074505806,1.0,324.0,9.999999747378752e-05,0.00357297551818192
19.209999084472656,9.406991004943848,0.05000000074505806,1.0,324.0,9.999999747378752e-05,0.4313298463821411
19.760000228881836,9.387330055236816,0.05000000074505806,1.0,323.0,9.999999747378752e-05,0.6650431752204895
19.649999618530273,9.390751838684082,0.05000000074505806,1.0,323.0,9.999999747378752e-05,0.011465419083833694
20.829999923706055,9.364863395690918,0.05000000074505806,1.0,323.0,9.999999747378752e-05,0.006772672291845083
20.31999969482422,9.379098892211914,0.05000000074505806,1.0,323.0,9.999999747378752e-05,0.2121105194091797
20.020000457763672,9.384554862976074,0.05000000074505806,1.0,323.0,9.999999747378752e-05,0.4024229347705841
21.709999084472656,9.331624984741211,0.05000000074505806,1.0,323.0,9.999999747378752e-05,0.23627100884914398
21.950000762939453,9.327949523925781,0.05000000074505806,1.0,323.0,9.999999747378752e-05,0.003403198905289173
21.489999771118164,9.344114303588867,0.05000000074505806,1.0,322.0,9.999999747378752e-05,0.009423630312085152
21.209999084472656,9.352641105651855,0.05000000074505806,1.0,322.0,9.999999747378752e-05,0.003867571474984288
20.56999969482422,9.382654190063477,0.05000000074505806,1.0,322.0,9.999999747378752e-05,0.21083998680114746
21.059999465942383,9.367086410522461,0.05000000074505806,1.0,322.0,9.999999747378752e-05,0.4473303556442261
21.43000030517578,9.348740577697754,0.05000000074505806,1.0,322.0,9.999999747378752e-05,0.6788787841796875
21.610000610351562,9.344386100769043,0.05000000074505806,1.0,322.0,9.999999747378752e-05,0.008528266102075577
22.15999984741211,9.335694313049316,0.05000000074505806,1.0,322.0,9.999999747378752e-05,0.0027135128621011972
21.510000228881836,9.352140426635742,0.05000000074505806,1.0,322.0,9.999999747378752e-05,0.24341446161270142
20.290000915527344,9.392999649047852,0.05000000074505806,1.0,322.0,9.999999747378752e-05,0.23155634105205536
20.459999084472656,9.395812034606934,0.05000000074505806,1.0,322.0,9.999999747378752e-05,0.2567121982574463
20.719999313354492,9.386037826538086,0.05000000074505806,1.0,322.0,9.999999747378752e-05,0.0035944804549217224
20.270000457763672,9.398289680480957,0.05000000074505806,1.0,322.0,9.999999747378752e-05,0.030814247205853462
19.719999313354492,9.417433738708496,0.05000000074505806,1.0,322.0,9.999999747378752e-05,0.43163034319877625
19.940000534057617,9.413786888122559,0.05000000074505806,1.0,322.0,9.999999747378752e-05,0.42770928144454956
19.940000534057617,9.419681549072266,0.05000000074505806,1.0,322.0,9.999999747378752e-05,0.010211806744337082
19.700000762939453,9.434805870056152,0.05000000074505806,1.0,322.0,9.999999747378752e-05,0.21179689466953278
19.6200008392334,9.430006980895996,0.05000000074505806,1.0,322.0,9.999999747378752e-05,0.24770300090312958
19.6200008392334,9.431609153747559,0.05000000074505806,1.0,321.0,9.999999747378752e-05,0.4547286033630371
19.43000030517578,9.446954727172852,0.05000000074505806,1.0,321.0,9.999999747378752e-05,0.23402118682861328
19.860000610351562,9.433537483215332,0.05000000074505806,1.0,321.0,9.999999747378752e-05,0.6651769876480103
18.899999618530273,9.452534675598145,0.05000000074505806,1.0,321.0,9.999999747378752e-05,0.2547703981399536
18.940000534057617,9.445650100708008,0.05000000074505806,1.0,321.0,9.999999747378752e-05,0.008872397243976593
18.760000228881836,9.447710037231445,0.05000000074505806,1.0,321.0,9.999999747378752e-05,0.6443303227424622
17.040000915527344,9.506638526916504,0.05000000074505806,1.0,321.0,9.999999747378752e-05,0.42755261063575745
16.760000228881836,9.506351470947266,0.05000000074505806,1.0,321.0,9.999999747378752e-05,0.253284215927124
16.84000015258789,9.500214576721191,0.05000000074505806,1.0,321.0,9.999999747378752e-05,0.006330032832920551
16.799999237060547,9.501522064208984,0.05000000074505806,1.0,321.0,9.999999747378752e-05,0.8908849954605103
16.850000381469727,9.497709274291992,0.05000000074505806,1.0,321.0,9.999999747378752e-05,0.2047174572944641
17.040000915527344,9.487194061279297,0.05000000074505806,1.0,320.0,9.999999747378752e-05,0.21797412633895874
16.93000030517578,9.497207641601562,0.05000000074505806,1.0,320.0,9.999999747378752e-05,0.016872365027666092
16.649999618530273,9.50964641571045,0.05000000074505806,1.0,320.0,9.999999747378752e-05,0.6208970546722412
16.15999984741211,9.512036323547363,0.05000000074505806,1.0,320.0,9.999999747378752e-05,0.46810898184776306
16.209999084472656,9.512898445129395,0.05000000074505806,1.0,320.0,9.999999747378752e-05,0.00838871393352747
16.260000228881836,9.510625839233398,0.05000000074505806,1.0,320.0,9.999999747378752e-05,0.6856333017349243
16.139999389648438,9.516144752502441,0.05000000074505806,1.0,320.0,9.999999747378752e-05,0.47113823890686035
15.819999694824219,9.526768684387207,0.05000000074505806,1.0,320.0,9.999999747378752e-05,0.00803858507424593
16.0,9.51755428314209,0.05000000074505806,1.0,320.0,9.999999747378752e-05,0.009334271773695946
16.270000457763672,9.508452415466309,0.05000000074505806,1.0,320.0,9.999999747378752e-05,0.006071477197110653
16.260000228881836,9.51160717010498,0.05000000074505806,1.0,319.0,9.999999747378752e-05,0.00908272061496973
15.449999809265137,9.539063453674316,0.05000000074505806,1.0,319.0,9.999999747378752e-05,0.6282845735549927
15.039999961853027,9.542778015136719,0.05000000074505806,1.0,319.0,9.999999747378752e-05,0.1993311494588852
15.210000038146973,9.541778564453125,0.05000000074505806,1.0,319.0,9.999999747378752e-05,0.6582227945327759
15.359999656677246,9.534799575805664,0.05000000074505806,1.0,319.0,9.999999747378752e-05,0.24881227314472198
15.390000343322754,9.526277542114258,0.05000000074505806,1.0,319.0,9.999999747378752e-05,0.0012212409637868404
15.229999542236328,9.52789306640625,0.05000000074505806,1.0,319.0,9.999999747378752e-05,0.20667725801467896
15.5600004196167,9.511384010314941,0.05000000074505806,1.0,319.0,9.999999747378752e-05,0.21227438747882843
15.880000114440918,9.503610610961914,0.05000000074505806,1.0,319.0,9.999999747378752e-05,0.012883924879133701
15.979999542236328,9.506564140319824,0.05000000074505806,1.0,319.0,9.999999747378752e-05,0.006248445250093937
16.649999618530273,9.4886474609375,0.05000000074505806,1.0,319.0,9.999999747378752e-05,0.23665256798267365
16.829999923706055,9.486562728881836,0.05000000074505806,1.0,318.0,9.999999747378752e-05,0.21030229330062866
16.440000534057617,9.501282691955566,0.05000000074505806,1.0,318.0,9.999999747378752e-05,0.02177531085908413
17.15999984741211,9.478845596313477,0.05000000074505806,1.0,318.0,9.999999747378752e-05,0.027687884867191315
17.030000686645508,9.488585472106934,0.05000000074505806,1.0,318.0,9.999999747378752e-05,0.003141921479254961
16.670000076293945,9.502835273742676,0.05000000074505806,1.0,318.0,9.999999747378752e-05,0.660962700843811
16.899999618530273,9.500700950622559,0.05000000074505806,1.0,318.0,9.999999747378752e-05,0.010464126244187355
17.020000457763672,9.49351978302002,0.05000000074505806,1.0,318.0,9.999999747378752e-05,0.012339499779045582
16.979999542236328,9.504777908325195,0.05000000074505806,1.0,318.0,9.999999747378752e-05,0.016393089666962624
17.43000030517578,9.492253303527832,0.05000000074505806,1.0,318.0,9.999999747378752e-05,0.24477460980415344
17.75,9.476794242858887,0.05000000074505806,1.0,318.0,9.999999747378752e-05,0.4492911100387573
17.559999465942383,9.473429679870605,0.05000000074505806,1.0,318.0,9.999999747378752e-05,0.2348729819059372
17.75,9.458889961242676,0.05000000074505806,1.0,317.0,9.999999747378752e-05,0.4430493116378784
17.790000915527344,9.451916694641113,0.05000000074505806,1.0,317.0,9.999999747378752e-05,0.2339598834514618
17.729999542236328,9.452231407165527,0.05000000074505806,1.0,317.0,9.999999747378752e-05,0.4273902177810669
17.440000534057617,9.456795692443848,0.05000000074505806,1.0,317.0,9.999999747378752e-05,0.2207716703414917
18.110000610351562,9.433012962341309,0.05000000074505806,1.0,317.0,9.999999747378752e-05,0.007752758450806141
18.43000030517578,9.424932479858398,0.05000000074505806,1.0,317.0,9.999999747378752e-05,0.011421303264796734
18.5,9.416824340820312,0.05000000074505806,1.0,317.0,9.999999747378752e-05,0.02818111889064312
18.34000015258789,9.422103881835938,0.05000000074505806,1.0,317.0,9.999999747378752e-05,0.008953345008194447
17.899999618530273,9.434091567993164,0.05000000074505806,1.0,317.0,9.999999747378752e-05,0.03220049664378166
18.170000076293945,9.428500175476074,0.05000000074505806,1.0,317.0,9.999999747378752e-05,0.016128534451127052
17.950000762939453,9.4277982711792,0.05000000074505806,1.0,317.0,9.999999747378752e-05,0.23190124332904816
18.190000534057617,9.412824630737305,0.05000000074505806,1.0,317.0,9.999999747378752e-05,0.01777980849146843
18.170000076293945,9.397048950195312,0.05000000074505806,1.0,317.0,9.999999747378752e-05,0.020184069871902466
17.510000228881836,9.413256645202637,0.05000000074505806,1.0,317.0,9.999999747378752e-05,0.008257744833827019
17.31999969482422,9.413032531738281,0.05000000074505806,1.0,317.0,9.999999747378752e-05,0.41274765133857727
17.969999313354492,9.396390914916992,0.05000000074505806,1.0,317.0,9.999999747378752e-05,0.034213777631521225
17.770000457763672,9.40460205078125,0.05000000074505806,1.0,317.0,9.999999747378752e-05,0.721875786781311
18.260000228881836,9.390823364257812,0.05000000074505806,1.0,317.0,9.999999747378752e-05,0.009225185960531235
18.469999313354492,9.388971328735352,0.05000000074505806,1.0,317.0,9.999999747378752e-05,0.009114537388086319
18.020000457763672,9.395254135131836,0.05000000074505806,1.0,317.0,9.999999747378752e-05,0.2013290822505951
17.709999084472656,9.404189109802246,0.05000000074505806,1.0,317.0,9.999999747378752e-05,0.007031890098005533
17.780000686645508,9.393904685974121,0.05000000074505806,1.0,317.0,9.999999747378752e-05,0.23403222858905792
17.93000030517578,9.394556999206543,0.05000000074505806,1.0,317.0,9.999999747378752e-05,0.23961631953716278
18.030000686645508,9.38839340209961,0.05000000074505806,1.0,317.0,9.999999747378752e-05,0.2170405238866806
18.030000686645508,9.389510154724121,0.05000000074505806,1.0,317.0,9.999999747378752e-05,0.23892399668693542
18.389999389648438,9.381263732910156,0.05000000074505806,1.0,317.0,9.999999747378752e-05,0.014792544767260551
17.90999984741211,9.398039817810059,0.05000000074505806,1.0,317.0,9.999999747378752e-05,0.24067124724388123
17.719999313354492,9.403864860534668,0.05000000074505806,1.0,317.0,9.999999747378752e-05,0.4436942934989929
18.1200008392334,9.391069412231445,0.05000000074505806,1.0,317.0,9.999999747378752e-05,0.21879808604717255
17.6299991607666,9.404959678649902,0.05000000074505806,1.0,317.0,9.999999747378752e-05,0.007987835444509983
17.799999237060547,9.40584659576416,0.05000000074505806,1.0,317.0,9.999999747378752e-05,0.004295419901609421
17.790000915527344,9.420055389404297,0.05000000074505806,1.0,316.0,9.999999747378752e-05,0.013780700974166393
18.18000030517578,9.400036811828613,0.05000000074505806,1.0,316.0,9.999999747378752e-05,0.25727924704551697
18.270000457763672,9.396045684814453,0.05000000074505806,1.0,316.0,9.999999747378752e-05,0.012985967099666595
18.360000610351562,9.394271850585938,0.05000000074505806,1.0,316.0,9.999999747378752e-05,0.2047288864850998
18.6200008392334,9.392622947692871,0.05000000074505806,1.0,316.0,9.999999747378752e-05,0.4413909912109375
18.420000076293945,9.415938377380371,0.05000000074505806,1.0,316.0,9.999999747378752e-05,0.20368753373622894
18.610000610351562,9.414341926574707,0.05000000074505806,1.0,316.0,9.999999747378752e-05,0.21120980381965637
19.18000030517578,9.39043140411377,0.05000000074505806,1.0,316.0,9.999999747378752e-05,0.2256331592798233
19.540000915527344,9.379283905029297,0.05000000074505806,1.0,316.0,9.999999747378752e-05,0.01237916387617588
19.110000610351562,9.3820161819458,0.05000000074505806,1.0,316.0,9.999999747378752e-05,0.013747969642281532
18.90999984741211,9.387109756469727,0.05000000074505806,1.0,316.0,9.999999747378752e-05,0.015232138335704803
18.489999771118164,9.394068717956543,0.05000000074505806,1.0,316.0,9.999999747378752e-05,0.017705682665109634
18.520000457763672,9.397290229797363,0.05000000074505806,1.0,316.0,9.999999747378752e-05,0.012064608745276928
18.90999984741211,9.387972831726074,0.05000000074505806,1.0,316.0,9.999999747378752e-05,0.04171771556138992
19.690000534057617,9.362249374389648,0.05000000074505806,1.0,316.0,9.999999747378752e-05,0.007027690298855305
19.559999465942383,9.371856689453125,0.05000000074505806,1.0,316.0,9.999999747378752e-05,0.21818822622299194
19.25,9.36853313446045,0.05000000074505806,1.0,316.0,9.999999747378752e-05,0.010205093771219254
18.8700008392334,9.384634017944336,0.05000000074505806,1.0,316.0,9.999999747378752e-05,0.0029836988542228937
18.969999313354492,9.382845878601074,0.05000000074505806,1.0,316.0,9.999999747378752e-05,0.005979095585644245
18.25,9.405588150024414,0.05000000074505806,1.0,316.0,9.999999747378752e-05,0.1964949369430542
18.59000015258789,9.400931358337402,0.05000000074505806,1.0,315.0,9.999999747378752e-05,0.008487180806696415
18.989999771118164,9.384095191955566,0.05000000074505806,1.0,315.0,9.999999747378752e-05,0.01628575101494789
18.809999465942383,9.387425422668457,0.05000000074505806,1.0,315.0,9.999999747378752e-05,0.0044005936942994595
19.309999465942383,9.37045669555664,0.05000000074505806,1.0,315.0,9.999999747378752e-05,0.05749945715069771
19.149999618530273,9.368287086486816,0.05000000074505806,1.0,315.0,9.999999747378752e-05,1.1998363733291626
19.799999237060547,9.343631744384766,0.05000000074505806,1.0,315.0,9.999999747378752e-05,0.38484135270118713
19.34000015258789,9.367213249206543,0.05000000074505806,1.0,315.0,9.999999747378752e-05,0.17761479318141937
19.260000228881836,9.367908477783203,0.05000000074505806,1.0,315.0,9.999999747378752e-05,0.21696600317955017
18.979999542236328,9.369775772094727,0.05000000074505806,1.0,315.0,9.999999747378752e-05,0.024998201057314873
18.690000534057617,9.388096809387207,0.05000000074505806,1.0,315.0,9.999999747378752e-05,0.19663327932357788
18.229999542236328,9.401026725769043,0.05000000074505806,1.0,315.0,9.999999747378752e-05,0.2030295729637146
18.079999923706055,9.415067672729492,0.05000000074505806,1.0,315.0,9.999999747378752e-05,0.0020339544862508774
17.8799991607666,9.427556991577148,0.05000000074505806,1.0,315.0,9.999999747378752e-05,0.28545787930488586
17.68000030517578,9.439698219299316,0.05000000074505806,1.0,315.0,9.999999747378752e-05,0.41587814688682556
18.049999237060547,9.434484481811523,0.05000000074505806,1.0,315.0,9.999999747378752e-05,0.4434718191623688
17.979999542236328,9.43946361541748,0.05000000074505806,1.0,315.0,9.999999747378752e-05,0.4064062535762787
18.190000534057617,9.431867599487305,0.05000000074505806,1.0,315.0,9.999999747378752e-05,0.21113573014736176
18.149999618530273,9.42386245727539,0.05000000074505806,1.0,315.0,9.999999747378752e-05,0.6240024566650391
18.3700008392334,9.422856330871582,0.05000000074505806,1.0,314.0,9.999999747378752e-05,0.42221149802207947
18.280000686645508,9.433290481567383,0.05000000074505806,1.0,314.0,9.999999747378752e-05,0.02333911322057247
18.34000015258789,9.43453311920166,0.05000000074505806,1.0,314.0,9.999999747378752e-05,0.18991132080554962
18.049999237060547,9.445712089538574,0.05000000074505806,1.0,314.0,9.999999747378752e-05,0.2296634167432785
18.040000915527344,9.446704864501953,0.05000000074505806,1.0,314.0,9.999999747378752e-05,0.22929997742176056
18.459999084472656,9.426822662353516,0.05000000074505806,1.0,314.0,9.999999747378752e-05,0.6334333419799805
18.93000030517578,9.417945861816406,0.05000000074505806,1.0,314.0,9.999999747378752e-05,0.39937084913253784
18.8700008392334,9.415909767150879,0.05000000074505806,1.0,315.0,9.999999747378752e-05,0.01208359282463789
18.84000015258789,9.421874046325684,0.05000000074505806,1.0,315.0,9.999999747378752e-05,0.02378176525235176
18.75,9.425944328308105,0.05000000074505806,1.0,315.0,9.999999747378752e-05,0.20168927311897278
18.690000534057617,9.426629066467285,0.05000000074505806,1.0,314.0,9.999999747378752e-05,0.21880845725536346
18.65999984741211,9.420984268188477,0.05000000074505806,1.0,315.0,9.999999747378752e-05,0.2470959573984146
17.90999984741211,9.443548202514648,0.05000000074505806,1.0,315.0,9.999999747378752e-05,0.21886257827281952
18.479999542236328,9.430342674255371,0.05000000074505806,1.0,315.0,9.999999747378752e-05,0.009571068920195103
19.469999313354492,9.407843589782715,0.05000000074505806,1.0,315.0,9.999999747378752e-05,0.42304641008377075
19.31999969482422,9.414900779724121,0.05000000074505806,1.0,315.0,9.999999747378752e-05,0.42016035318374634
19.489999771118164,9.399972915649414,0.05000000074505806,1.0,315.0,9.999999747378752e-05,0.19745472073554993
19.549999237060547,9.38747501373291,0.05000000074505806,1.0,315.0,9.999999747378752e-05,0.028220657259225845
19.530000686645508,9.387314796447754,0.05000000074505806,1.0,315.0,9.999999747378752e-05,0.019992945715785027
19.8799991607666,9.374423027038574,0.05000000074505806,1.0,315.0,9.999999747378752e-05,0.6072611808776855
19.8700008392334,9.37806224822998,0.05000000074505806,1.0,314.0,9.999999747378752e-05,0.0031740209087729454
19.3700008392334,9.391542434692383,0.05000000074505806,1.0,314.0,9.999999747378752e-05,0.009579255245625973
19.299999237060547,9.383105278015137,0.05000000074505806,1.0,314.0,9.999999747378752e-05,0.41457661986351013
19.1200008392334,9.395712852478027,0.05000000074505806,1.0,314.0,9.999999747378752e-05,0.39286431670188904
19.219999313354492,9.390033721923828,0.05000000074505806,1.0,314.0,9.999999747378752e-05,0.012603534385561943
18.739999771118164,9.3893404006958,0.05000000074505806,1.0,314.0,9.999999747378752e-05,0.21992279589176178
18.270000457763672,9.398085594177246,0.05000000074505806,1.0,314.0,9.999999747378752e-05,0.01994427479803562
18.040000915527344,9.396942138671875,0.05000000074505806,1.0,314.0,9.999999747378752e-05,0.03567304462194443
18.059999465942383,9.398211479187012,0.05000000074505806,1.0,314.0,9.999999747378752e-05,0.022469550371170044
18.239999771118164,9.396012306213379,0.05000000074505806,1.0,314.0,9.999999747378752e-05,0.00941059086471796
17.84000015258789,9.411767959594727,0.05000000074505806,1.0,314.0,9.999999747378752e-05,0.005694320425391197
17.3700008392334,9.421630859375,0.05000000074505806,1.0,314.0,9.999999747378752e-05,0.010365886613726616
17.270000457763672,9.421765327453613,0.05000000074505806,1.0,314.0,9.999999747378752e-05,0.1724281907081604
16.56999969482422,9.449097633361816,0.05000000074505806,1.0,314.0,9.999999747378752e-05,0.6461044549942017
16.530000686645508,9.45156478881836,0.05000000074505806,1.0,314.0,9.999999747378752e-05,0.009234800934791565
16.3799991607666,9.455900192260742,0.05000000074505806,1.0,314.0,9.999999747378752e-05,0.3842921853065491
16.56999969482422,9.466382026672363,0.05000000074505806,1.0,314.0,9.999999747378752e-05,0.585803210735321
16.709999084472656,9.456616401672363,0.05000000074505806,1.0,314.0,9.999999747378752e-05,0.40804511308670044
16.260000228881836,9.462666511535645,0.05000000074505806,1.0,314.0,9.999999747378752e-05,0.02049768716096878
15.300000190734863,9.488381385803223,0.05000000074505806,1.0,314.0,9.999999747378752e-05,0.42231181263923645
15.170000076293945,9.491171836853027,0.05000000074505806,1.0,314.0,9.999999747378752e-05,0.007410192862153053
15.1899995803833,9.499605178833008,0.05000000074505806,1.0,314.0,9.999999747378752e-05,0.4125252068042755
15.319999694824219,9.503582954406738,0.05000000074505806,1.0,314.0,9.999999747378752e-05,0.1976461112499237
15.0,9.505509376525879,0.05000000074505806,1.0,314.0,9.999999747378752e-05,0.0023981595877557993
14.3100004196167,9.531072616577148,0.05000000074505806,1.0,314.0,9.999999747378752e-05,0.2721676826477051
14.119999885559082,9.528098106384277,0.05000000074505806,1.0,314.0,9.999999747378752e-05,0.026094859465956688
14.0600004196167,9.528553009033203,0.05000000074505806,1.0,314.0,9.999999747378752e-05,0.6184322237968445
14.15999984741211,9.532740592956543,0.05000000074505806,1.0,314.0,9.999999747378752e-05,0.5457935333251953
14.460000038146973,9.512163162231445,0.05000000074505806,1.0,314.0,9.999999747378752e-05,0.006150886416435242
14.489999771118164,9.513954162597656,0.05000000074505806,1.0,314.0,9.999999747378752e-05,0.37524718046188354
14.699999809265137,9.501684188842773,0.05000000074505806,1.0,314.0,9.999999747378752e-05,0.20885872840881348
14.520000457763672,9.509283065795898,0.05000000074505806,1.0,314.0,9.999999747378752e-05,0.24019168317317963
15.220000267028809,9.493745803833008,0.05000000074505806,1.0,314.0,9.999999747378752e-05,0.2052340805530548
15.670000076293945,9.484227180480957,0.05000000074505806,1.0,314.0,9.999999747378752e-05,0.006018143147230148
15.979999542236328,9.479856491088867,0.05000000074505806,1.0,314.0,9.999999747378752e-05,0.03470605984330177
16.56999969482422,9.466019630432129,0.05000000074505806,1.0,314.0,9.999999747378752e-05,0.4233675003051758
16.489999771118164,9.465560913085938,0.05000000074505806,1.0,314.0,9.999999747378752e-05,0.19907529652118683
16.579999923706055,9.469264030456543,0.05000000074505806,1.0,314.0,9.999999747378752e-05,0.597582221031189
17.200000762939453,9.444743156433105,0.05000000074505806,1.0,314.0,9.999999747378752e-05,0.18941067159175873
17.31999969482422,9.443727493286133,0.05000000074505806,1.0,314.0,9.999999747378752e-05,0.011918569914996624
17.489999771118164,9.440841674804688,0.05000000074505806,1.0,313.0,9.999999747378752e-05,0.0027047907933592796
17.260000228881836,9.442899703979492,0.05000000074505806,1.0,313.0,9.999999747378752e-05,0.030853861942887306
17.09000015258789,9.45357608795166,0.05000000074505806,1.0,313.0,9.999999747378752e-05,0.40455490350723267
17.600000381469727,9.437705993652344,0.05000000074505806,1.0,313.0,9.999999747378752e-05,0.46349456906318665
17.510000228881836,9.442765235900879,0.05000000074505806,1.0,313.0,9.999999747378752e-05,0.18960054218769073
17.350000381469727,9.448976516723633,0.05000000074505806,1.0,313.0,9.999999747378752e-05,0.41125059127807617
18.059999465942383,9.429088592529297,0.05000000074505806,1.0,313.0,9.999999747378752e-05,0.4019102454185486
18.040000915527344,9.42420768737793,0.05000000074505806,1.0,313.0,9.999999747378752e-05,0.002303820801898837
17.989999771118164,9.428789138793945,0.05000000074505806,1.0,313.0,9.999999747378752e-05,0.0024529038928449154
18.5,9.416180610656738,0.05000000074505806,1.0,313.0,9.999999747378752e-05,0.18496912717819214
18.459999084472656,9.422456741333008,0.05000000074505806,1.0,313.0,9.999999747378752e-05,0.012073936872184277
18.559999465942383,9.421915054321289,0.05000000074505806,1.0,313.0,9.999999747378752e-05,0.021467644721269608
18.770000457763672,9.414636611938477,0.05000000074505806,1.0,313.0,9.999999747378752e-05,0.1983020007610321
18.399999618530273,9.431818962097168,0.05000000074505806,1.0,313.0,9.999999747378752e-05,0.38489532470703125
18.34000015258789,9.432583808898926,0.05000000074505806,1.0,313.0,9.999999747378752e-05,0.011842833831906319
18.09000015258789,9.455456733703613,0.05000000074505806,1.0,313.0,9.999999747378752e-05,0.410993367433548
18.170000076293945,9.450701713562012,0.05000000074505806,1.0,313.0,9.999999747378752e-05,0.014627933502197266
17.93000030517578,9.45780086517334,0.05000000074505806,1.0,313.0,9.999999747378752e-05,0.012956301681697369
17.5,9.469586372375488,0.05000000074505806,1.0,313.0,9.999999747378752e-05,0.21152064204216003
17.229999542236328,9.453424453735352,0.05000000074505806,1.0,313.0,9.999999747378752e-05,0.009528875350952148
16.90999984741211,9.4646577835083,0.05000000074505806,1.0,313.0,9.999999747378752e-05,0.0052408785559237
18.100000381469727,9.435948371887207,0.05000000074505806,1.0,313.0,9.999999747378752e-05,0.004142489284276962
17.8700008392334,9.43935489654541,0.05000000074505806,1.0,313.0,9.999999747378752e-05,0.22557640075683594
17.760000228881836,9.445557594299316,0.05000000074505806,1.0,312.0,9.999999747378752e-05,0.011037195101380348
17.56999969482422,9.45303726196289,0.05000000074505806,1.0,312.0,9.999999747378752e-05,0.02878585271537304
17.260000228881836,9.465331077575684,0.05000000074505806,1.0,312.0,9.999999747378752e-05,0.011380460113286972
17.3799991607666,9.4631929397583,0.05000000074505806,1.0,312.0,9.999999747378752e-05,0.006238577887415886
17.350000381469727,9.463462829589844,0.05000000074505806,1.0,312.0,9.999999747378752e-05,0.01939624734222889
16.700000762939453,9.485758781433105,0.05000000074505806,1.0,312.0,9.999999747378752e-05,0.012244532816112041
16.850000381469727,9.474685668945312,0.05000000074505806,1.0,312.0,9.999999747378752e-05,0.41604262590408325
17.639999389648438,9.445902824401855,0.05000000074505806,1.0,312.0,9.999999747378752e-05,0.024137694388628006
16.719999313354492,9.471013069152832,0.05000000074505806,1.0,312.0,9.999999747378752e-05,0.42204537987709045
16.56999969482422,9.473190307617188,0.05000000074505806,1.0,312.0,9.999999747378752e-05,0.3837122619152069
16.860000610351562,9.471747398376465,0.05000000074505806,1.0,312.0,9.999999747378752e-05,0.41656017303466797
16.219999313354492,9.484807014465332,0.05000000074505806,1.0,312.0,9.999999747378752e-05,0.6099475622177124
16.399999618530273,9.464492797851562,0.05000000074505806,1.0,312.0,9.999999747378752e-05,0.22022123634815216
16.309999465942383,9.467276573181152,0.05000000074505806,1.0,312.0,9.999999747378752e-05,0.02306944690644741
15.930000305175781,9.475732803344727,0.05000000074505806,1.0,312.0,9.999999747378752e-05,0.20274552702903748
16.219999313354492,9.468415260314941,0.05000000074505806,1.0,312.0,9.999999747378752e-05,0.18713848292827606
16.020000457763672,9.47637939453125,0.05000000074505806,1.0,312.0,9.999999747378752e-05,0.015286237001419067
16.059999465942383,9.474655151367188,0.05000000074505806,1.0,312.0,9.999999747378752e-05,0.002771357772871852
16.209999084472656,9.471673965454102,0.05000000074505806,1.0,312.0,9.999999747378752e-05,0.8160003423690796
15.630000114440918,9.485320091247559,0.05000000074505806,1.0,312.0,9.999999747378752e-05,0.007360753603279591
15.760000228881836,9.475944519042969,0.05000000074505806,1.0,312.0,9.999999747378752e-05,0.002506039571017027
15.779999732971191,9.47905445098877,0.05000000074505806,1.0,312.0,9.999999747378752e-05,0.43071702122688293
15.529999732971191,9.486915588378906,0.05000000074505806,1.0,312.0,9.999999747378752e-05,0.2219451665878296
14.279999732971191,9.52187728881836,0.05000000074505806,1.0,312.0,9.999999747378752e-05,0.008890487253665924
14.1899995803833,9.527064323425293,0.05000000074505806,1.0,312.0,9.999999747378752e-05,0.016476061195135117
13.880000114440918,9.537138938903809,0.05000000074505806,1.0,312.0,9.999999747378752e-05,0.17323043942451477
14.0,9.532724380493164,0.05000000074505806,1.0,312.0,9.999999747378752e-05,1.0222729444503784
13.800000190734863,9.542154312133789,0.05000000074505806,1.0,312.0,9.999999747378752e-05,0.22086915373802185
14.539999961853027,9.50239372253418,0.05000000074505806,1.0,312.0,9.999999747378752e-05,0.011732479557394981
14.9399995803833,9.487913131713867,0.05000000074505806,1.0,311.0,9.999999747378752e-05,0.00784952100366354
14.920000076293945,9.492826461791992,0.05000000074505806,1.0,311.0,9.999999747378752e-05,0.21503841876983643
15.199999809265137,9.481775283813477,0.05000000074505806,1.0,311.0,9.999999747378752e-05,0.21066804230213165
14.949999809265137,9.497179985046387,0.05000000074505806,1.0,311.0,9.999999747378752e-05,0.35581281781196594
14.930000305175781,9.503211975097656,0.05000000074505806,1.0,311.0,9.999999747378752e-05,0.22691859304904938
15.140000343322754,9.503142356872559,0.05000000074505806,1.0,311.0,9.999999747378752e-05,0.02461542747914791
14.9399995803833,9.503778457641602,0.05000000074505806,1.0,311.0,9.999999747378752e-05,0.048922404646873474
15.390000343322754,9.494063377380371,0.05000000074505806,1.0,311.0,9.999999747378752e-05,0.23121827840805054
15.520000457763672,9.506482124328613,0.05000000074505806,1.0,311.0,9.999999747378752e-05,0.35085824131965637
15.710000038146973,9.501253128051758,0.05000000074505806,1.0,311.0,9.999999747378752e-05,0.013848559930920601
15.539999961853027,9.514764785766602,0.05000000074505806,1.0,311.0,9.999999747378752e-05,0.012374110519886017
15.729999542236328,9.510233879089355,0.05000000074505806,1.0,311.0,9.999999747378752e-05,0.023439370095729828
