rollout/exploration_rate,time/time_elapsed,time/episode,rollout/ep_rew_mean,rollout/ep_len_mean,train/loss,train/n_updates
0.9905,0,0,,,,
0.981,0,0,,,,
0.9715,0,0,,,,
0.962,0,0,,,,
0.9524999999999999,0,0,,,,
0.943,0,0,,,,
0.9335,0,0,,,,
0.9239999999999999,0,0,,,,
0.9145,0,0,,,,
0.9049999999999999,0,0,,,,
0.8955,0,0,,,,
0.8859999999999999,0,0,,,,
0.8765,0,0,,,,
0.8669999999999999,0,0,,,,
0.8574999999999999,0,0,,,,
0.8479999999999999,0,0,,,,
0.8384999999999998,0,1,-0.6335143365575054,16.0,,
0.8289999999999998,0,2,-0.3167571682787527,8.0,,
0.8194999999999999,0,2,-0.3167571682787527,8.0,,
0.8099999999999998,0,2,-0.3167571682787527,8.0,,
0.8004999999999999,0,2,-0.3167571682787527,8.0,,
0.7909999999999998,0,2,-0.3167571682787527,8.0,,
0.7814999999999999,0,2,-0.3167571682787527,8.0,,
0.7719999999999998,0,2,-0.3167571682787527,8.0,,
0.7624999999999997,0,2,-0.3167571682787527,8.0,,
0.7529999999999998,0,2,-0.3167571682787527,8.0,,
0.7434999999999998,0,2,-0.3167571682787527,8.0,,
0.7339999999999998,0,2,-0.3167571682787527,8.0,,
0.7244999999999998,0,2,-0.3167571682787527,8.0,,
0.7149999999999997,0,2,-0.3167571682787527,8.0,,
0.7054999999999998,0,2,-0.3167571682787527,8.0,,
0.6959999999999997,0,2,-0.3167571682787527,8.0,,
0.6864999999999998,0,2,-0.3167571682787527,8.0,,
0.6769999999999997,0,2,-0.3167571682787527,8.0,,
0.6674999999999998,0,2,-0.3167571682787527,8.0,,
0.6579999999999997,0,2,-0.3167571682787527,8.0,,
0.6484999999999997,0,2,-0.3167571682787527,8.0,,
0.6389999999999998,0,2,-0.3167571682787527,8.0,,
0.6294999999999997,0,2,-0.3167571682787527,8.0,,
0.6199999999999997,0,2,-0.3167571682787527,8.0,,
0.6104999999999997,0,2,-0.3167571682787527,8.0,,
0.6009999999999998,0,2,-0.3167571682787527,8.0,,
0.5914999999999997,0,2,-0.3167571682787527,8.0,,
0.5819999999999996,0,2,-0.3167571682787527,8.0,,
0.5724999999999996,0,2,-0.3167571682787527,8.0,,
0.5629999999999997,0,3,-0.6940781665201777,14.333333333333334,,
0.5534999999999997,0,3,-0.6940781665201777,14.333333333333334,,
0.5439999999999996,0,3,-0.6940781665201777,14.333333333333334,,
0.5344999999999996,0,3,-0.6940781665201777,14.333333333333334,,
0.5249999999999996,0,3,-0.6940781665201777,14.333333333333334,,
0.5154999999999996,0,3,-0.6940781665201777,14.333333333333334,,
0.5059999999999996,0,3,-0.6940781665201777,14.333333333333334,,
0.4964999999999996,0,3,-0.6940781665201777,14.333333333333334,,
0.48699999999999966,0,3,-0.6940781665201777,14.333333333333334,,
0.4774999999999996,0,3,-0.6940781665201777,14.333333333333334,,
0.4679999999999995,0,3,-0.6940781665201777,14.333333333333334,,
0.4584999999999996,0,3,-0.6940781665201777,14.333333333333334,,
0.4489999999999996,0,3,-0.6940781665201777,14.333333333333334,,
0.43950000000000067,0,3,-0.6940781665201777,14.333333333333334,,
0.4299999999999995,0,3,-0.6940781665201777,14.333333333333334,,
0.42050000000000054,0,3,-0.6940781665201777,14.333333333333334,,
0.4109999999999996,0,3,-0.6940781665201777,14.333333333333334,,
0.40150000000000063,0,3,-0.6940781665201777,14.333333333333334,,
0.39199999999999957,0,3,-0.6940781665201777,14.333333333333334,,
0.3825000000000006,0,3,-0.6940781665201777,14.333333333333334,,
0.37299999999999955,0,3,-0.6940781665201777,14.333333333333334,,
0.3635000000000006,0,3,-0.6940781665201777,14.333333333333334,,
0.3539999999999994,0,3,-0.6940781665201777,14.333333333333334,,
0.3445000000000005,0,3,-0.6940781665201777,14.333333333333334,,
0.3349999999999994,0,3,-0.6940781665201777,14.333333333333334,,
0.32550000000000046,0,3,-0.6940781665201777,14.333333333333334,,
0.3160000000000006,0,3,-0.6940781665201777,14.333333333333334,,
0.30650000000000055,0,3,-0.6940781665201777,14.333333333333334,,
0.2970000000000005,0,3,-0.6940781665201777,14.333333333333334,,
0.28750000000000053,0,3,-0.6940781665201777,14.333333333333334,,
0.27800000000000047,0,3,-0.6940781665201777,14.333333333333334,,
0.2685000000000005,0,3,-0.6940781665201777,14.333333333333334,,
0.25900000000000045,0,3,-0.6940781665201777,14.333333333333334,,
0.2495000000000004,0,3,-0.6940781665201777,14.333333333333334,,
0.24000000000000044,0,3,-0.6940781665201777,14.333333333333334,,
0.23050000000000037,0,3,-0.6940781665201777,14.333333333333334,,
0.22100000000000053,0,3,-0.6940781665201777,14.333333333333334,,
0.21150000000000047,0,3,-0.6940781665201777,14.333333333333334,,
0.2020000000000004,0,3,-0.6940781665201777,14.333333333333334,,
0.19250000000000045,0,3,-0.6940781665201777,14.333333333333334,,
0.18300000000000038,0,3,-0.6940781665201777,14.333333333333334,,
0.17350000000000043,0,3,-0.6940781665201777,14.333333333333334,,
0.16400000000000037,0,4,-1.1074074717348812,21.0,,
0.1545000000000003,0,4,-1.1074074717348812,21.0,,
0.14500000000000035,0,4,-1.1074074717348812,21.0,,
0.1355000000000003,0,4,-1.1074074717348812,21.0,,
0.12600000000000044,0,4,-1.1074074717348812,21.0,,
0.11650000000000038,0,4,-1.1074074717348812,21.0,,
0.10700000000000043,0,4,-1.1074074717348812,21.0,,
0.09750000000000036,0,4,-1.1074074717348812,21.0,,
0.0880000000000003,0,4,-1.1074074717348812,21.0,,
0.07850000000000035,0,4,-1.1074074717348812,21.0,,
0.06900000000000028,0,4,-1.1074074717348812,21.0,,
0.05950000000000033,0,4,-1.1074074717348812,21.0,,
0.050000000000000266,0,4,-1.1074074717348812,21.0,,
0.05,0,4,-1.1074074717348812,21.0,,
0.05,0,4,-1.1074074717348812,21.0,,
0.05,0,4,-1.1074074717348812,21.0,,
0.05,0,4,-1.1074074717348812,21.0,,
0.05,0,4,-1.1074074717348812,21.0,0.3800557851791382,4
0.05,0,4,-1.1074074717348812,21.0,,
0.05,0,4,-1.1074074717348812,21.0,,
0.05,0,4,-1.1074074717348812,21.0,,
0.05,0,4,-1.1074074717348812,21.0,0.3057326264679432,8
0.05,0,4,-1.1074074717348812,21.0,,
0.05,0,4,-1.1074074717348812,21.0,,
0.05,0,4,-1.1074074717348812,21.0,,
0.05,0,4,-1.1074074717348812,21.0,0.25632650032639503,12
0.05,0,4,-1.1074074717348812,21.0,,
0.05,0,4,-1.1074074717348812,21.0,,
0.05,0,4,-1.1074074717348812,21.0,,
0.05,0,4,-1.1074074717348812,21.0,0.37045425921678543,16
0.05,0,4,-1.1074074717348812,21.0,,
0.05,0,4,-1.1074074717348812,21.0,,
0.05,0,4,-1.1074074717348812,21.0,,
0.05,0,4,-1.1074074717348812,21.0,0.37174931913614273,20
0.05,0,4,-1.1074074717348812,21.0,,
0.05,0,5,-1.3156643221425834,23.6,,
0.05,0,5,-1.3156643221425834,23.6,,
0.05,0,5,-1.3156643221425834,23.6,0.48219119012355804,24
0.05,0,5,-1.3156643221425834,23.6,,
0.05,0,5,-1.3156643221425834,23.6,,
0.05,0,6,-1.1147248626999031,20.333333333333332,,
0.05,0,6,-1.1147248626999031,20.333333333333332,0.27613692358136177,28
0.05,0,6,-1.1147248626999031,20.333333333333332,,
0.05,0,6,-1.1147248626999031,20.333333333333332,,
0.05,0,6,-1.1147248626999031,20.333333333333332,,
0.05,0,6,-1.1147248626999031,20.333333333333332,0.4542800188064575,32
0.05,0,6,-1.1147248626999031,20.333333333333332,,
0.05,0,6,-1.1147248626999031,20.333333333333332,,
0.05,0,6,-1.1147248626999031,20.333333333333332,,
0.05,0,6,-1.1147248626999031,20.333333333333332,0.40766359865665436,36
0.05,0,6,-1.1147248626999031,20.333333333333332,,
0.05,0,6,-1.1147248626999031,20.333333333333332,,
0.05,0,6,-1.1147248626999031,20.333333333333332,,
0.05,0,6,-1.1147248626999031,20.333333333333332,0.3831346035003662,40
0.05,0,6,-1.1147248626999031,20.333333333333332,,
0.05,0,6,-1.1147248626999031,20.333333333333332,,
0.05,0,6,-1.1147248626999031,20.333333333333332,,
0.05,0,6,-1.1147248626999031,20.333333333333332,0.27055489842314273,44
0.05,0,6,-1.1147248626999031,20.333333333333332,,
0.05,0,6,-1.1147248626999031,20.333333333333332,,
0.05,0,6,-1.1147248626999031,20.333333333333332,,
0.05,0,6,-1.1147248626999031,20.333333333333332,0.42320791259407997,48
0.05,0,6,-1.1147248626999031,20.333333333333332,,
0.05,0,6,-1.1147248626999031,20.333333333333332,,
0.05,0,6,-1.1147248626999031,20.333333333333332,,
0.05,0,6,-1.1147248626999031,20.333333333333332,0.26766158640384674,52
0.05,0,6,-1.1147248626999031,20.333333333333332,,
0.05,0,6,-1.1147248626999031,20.333333333333332,,
0.05,0,6,-1.1147248626999031,20.333333333333332,,
0.05,0,6,-1.1147248626999031,20.333333333333332,0.22296947427093983,56
0.05,0,6,-1.1147248626999031,20.333333333333332,,
0.05,0,6,-1.1147248626999031,20.333333333333332,,
0.05,0,6,-1.1147248626999031,20.333333333333332,,
0.05,0,6,-1.1147248626999031,20.333333333333332,0.3529670834541321,60
0.05,0,6,-1.1147248626999031,20.333333333333332,,
0.05,0,6,-1.1147248626999031,20.333333333333332,,
0.05,0,6,-1.1147248626999031,20.333333333333332,,
0.05,0,6,-1.1147248626999031,20.333333333333332,0.5026994720101357,64
0.05,0,6,-1.1147248626999031,20.333333333333332,,
0.05,0,6,-1.1147248626999031,20.333333333333332,,
0.05,0,6,-1.1147248626999031,20.333333333333332,,
0.05,0,6,-1.1147248626999031,20.333333333333332,0.22189881280064583,68
0.05,0,6,-1.1147248626999031,20.333333333333332,,
0.05,0,6,-1.1147248626999031,20.333333333333332,,
0.05,0,6,-1.1147248626999031,20.333333333333332,,
0.05,0,6,-1.1147248626999031,20.333333333333332,0.4580981731414795,72
0.05,0,6,-1.1147248626999031,20.333333333333332,,
0.05,0,6,-1.1147248626999031,20.333333333333332,,
0.05,0,6,-1.1147248626999031,20.333333333333332,,
0.05,0,6,-1.1147248626999031,20.333333333333332,0.2617825046181679,76
0.05,0,6,-1.1147248626999031,20.333333333333332,,
0.05,0,6,-1.1147248626999031,20.333333333333332,,
0.05,0,6,-1.1147248626999031,20.333333333333332,,
0.05,0,6,-1.1147248626999031,20.333333333333332,0.3646393455564976,80
0.05,0,6,-1.1147248626999031,20.333333333333332,,
0.05,0,6,-1.1147248626999031,20.333333333333332,,
0.05,0,6,-1.1147248626999031,20.333333333333332,,
0.05,0,6,-1.1147248626999031,20.333333333333332,0.3004940412938595,84
0.05,0,6,-1.1147248626999031,20.333333333333332,,
0.05,0,6,-1.1147248626999031,20.333333333333332,,
0.05,0,6,-1.1147248626999031,20.333333333333332,,
0.05,0,6,-1.1147248626999031,20.333333333333332,0.29755763709545135,88
0.05,0,6,-1.1147248626999031,20.333333333333332,,
0.05,0,6,-1.1147248626999031,20.333333333333332,,
0.05,0,6,-1.1147248626999031,20.333333333333332,,
0.05,0,6,-1.1147248626999031,20.333333333333332,0.35981134697794914,92
0.05,0,6,-1.1147248626999031,20.333333333333332,,
0.05,0,6,-1.1147248626999031,20.333333333333332,,
0.05,0,6,-1.1147248626999031,20.333333333333332,,
0.05,0,6,-1.1147248626999031,20.333333333333332,0.21312045492231846,96
0.05,0,6,-1.1147248626999031,20.333333333333332,,
0.05,0,6,-1.1147248626999031,20.333333333333332,,
0.05,0,6,-1.1147248626999031,20.333333333333332,,
0.05,0,6,-1.1147248626999031,20.333333333333332,0.33461372181773186,100
0.05,0,6,-1.1147248626999031,20.333333333333332,,
0.05,0,6,-1.1147248626999031,20.333333333333332,,
0.05,0,6,-1.1147248626999031,20.333333333333332,,
0.05,0,6,-1.1147248626999031,20.333333333333332,0.1680300273001194,104
0.05,0,6,-1.1147248626999031,20.333333333333332,,
0.05,0,6,-1.1147248626999031,20.333333333333332,,
0.05,0,6,-1.1147248626999031,20.333333333333332,,
0.05,0,6,-1.1147248626999031,20.333333333333332,0.3113325163722038,108
0.05,0,6,-1.1147248626999031,20.333333333333332,,
0.05,0,6,-1.1147248626999031,20.333333333333332,,
0.05,0,6,-1.1147248626999031,20.333333333333332,,
0.05,0,6,-1.1147248626999031,20.333333333333332,0.3727833107113838,112
0.05,0,6,-1.1147248626999031,20.333333333333332,,
0.05,0,6,-1.1147248626999031,20.333333333333332,,
0.05,0,6,-1.1147248626999031,20.333333333333332,,
0.05,0,6,-1.1147248626999031,20.333333333333332,0.12631778605282307,116
0.05,0,6,-1.1147248626999031,20.333333333333332,,
0.05,0,6,-1.1147248626999031,20.333333333333332,,
0.05,0,6,-1.1147248626999031,20.333333333333332,,
0.05,0,6,-1.1147248626999031,20.333333333333332,0.16244420409202576,120
0.05,0,6,-1.1147248626999031,20.333333333333332,,
0.05,0,6,-1.1147248626999031,20.333333333333332,,
0.05,0,6,-1.1147248626999031,20.333333333333332,,
0.05,0,6,-1.1147248626999031,20.333333333333332,0.2795352693647146,124
0.05,0,6,-1.1147248626999031,20.333333333333332,,
0.05,0,6,-1.1147248626999031,20.333333333333332,,
0.05,0,7,-1.8856661123406793,31.571428571428573,,
0.05,1,7,-1.8856661123406793,31.571428571428573,0.25560167618095875,128
0.05,1,7,-1.8856661123406793,31.571428571428573,,
0.05,1,7,-1.8856661123406793,31.571428571428573,,
0.05,1,7,-1.8856661123406793,31.571428571428573,,
0.05,1,7,-1.8856661123406793,31.571428571428573,0.17985522747039795,132
0.05,1,7,-1.8856661123406793,31.571428571428573,,
0.05,1,7,-1.8856661123406793,31.571428571428573,,
0.05,1,7,-1.8856661123406793,31.571428571428573,,
0.05,1,7,-1.8856661123406793,31.571428571428573,0.17928911931812763,136
0.05,1,7,-1.8856661123406793,31.571428571428573,,
0.05,1,7,-1.8856661123406793,31.571428571428573,,
0.05,1,7,-1.8856661123406793,31.571428571428573,,
0.05,1,7,-1.8856661123406793,31.571428571428573,0.21318604797124863,140
0.05,1,7,-1.8856661123406793,31.571428571428573,,
0.05,1,7,-1.8856661123406793,31.571428571428573,,
0.05,1,7,-1.8856661123406793,31.571428571428573,,
0.05,1,7,-1.8856661123406793,31.571428571428573,0.13378635980188847,144
0.05,1,7,-1.8856661123406793,31.571428571428573,,
0.05,1,7,-1.8856661123406793,31.571428571428573,,
0.05,1,7,-1.8856661123406793,31.571428571428573,,
0.05,1,7,-1.8856661123406793,31.571428571428573,0.19303516671061516,148
0.05,1,7,-1.8856661123406793,31.571428571428573,,
0.05,1,7,-1.8856661123406793,31.571428571428573,,
0.05,1,7,-1.8856661123406793,31.571428571428573,,
0.05,1,7,-1.8856661123406793,31.571428571428573,0.28068210184574127,152
0.05,1,7,-1.8856661123406793,31.571428571428573,,
0.05,1,7,-1.8856661123406793,31.571428571428573,,
0.05,1,7,-1.8856661123406793,31.571428571428573,,
0.05,1,7,-1.8856661123406793,31.571428571428573,0.13202515989542007,156
0.05,1,7,-1.8856661123406793,31.571428571428573,,
0.05,1,7,-1.8856661123406793,31.571428571428573,,
0.05,1,7,-1.8856661123406793,31.571428571428573,,
0.05,1,7,-1.8856661123406793,31.571428571428573,0.1714977683732286,160
0.05,1,7,-1.8856661123406793,31.571428571428573,,
0.05,1,7,-1.8856661123406793,31.571428571428573,,
0.05,1,7,-1.8856661123406793,31.571428571428573,,
0.05,1,7,-1.8856661123406793,31.571428571428573,0.21978696627775207,164
0.05,1,7,-1.8856661123406793,31.571428571428573,,
0.05,1,7,-1.8856661123406793,31.571428571428573,,
0.05,1,7,-1.8856661123406793,31.571428571428573,,
0.05,1,7,-1.8856661123406793,31.571428571428573,0.23583662696182728,168
0.05,1,7,-1.8856661123406793,31.571428571428573,,
0.05,1,7,-1.8856661123406793,31.571428571428573,,
0.05,1,7,-1.8856661123406793,31.571428571428573,,
0.05,1,7,-1.8856661123406793,31.571428571428573,0.2905414402484894,172
0.05,1,7,-1.8856661123406793,31.571428571428573,,
0.05,1,7,-1.8856661123406793,31.571428571428573,,
0.05,1,7,-1.8856661123406793,31.571428571428573,,
0.05,1,7,-1.8856661123406793,31.571428571428573,0.16402724757790565,176
0.05,1,7,-1.8856661123406793,31.571428571428573,,
0.05,1,7,-1.8856661123406793,31.571428571428573,,
0.05,1,7,-1.8856661123406793,31.571428571428573,,
0.05,1,7,-1.8856661123406793,31.571428571428573,0.22477741166949272,180
0.05,1,7,-1.8856661123406793,31.571428571428573,,
0.05,1,7,-1.8856661123406793,31.571428571428573,,
0.05,1,7,-1.8856661123406793,31.571428571428573,,
0.05,1,7,-1.8856661123406793,31.571428571428573,0.09115842916071415,184
0.05,1,7,-1.8856661123406793,31.571428571428573,,
0.05,1,7,-1.8856661123406793,31.571428571428573,,
0.05,1,7,-1.8856661123406793,31.571428571428573,,
0.05,1,7,-1.8856661123406793,31.571428571428573,0.08552703727036715,188
0.05,1,7,-1.8856661123406793,31.571428571428573,,
0.05,1,7,-1.8856661123406793,31.571428571428573,,
0.05,1,7,-1.8856661123406793,31.571428571428573,,
0.05,1,7,-1.8856661123406793,31.571428571428573,0.17131083458662033,192
0.05,1,7,-1.8856661123406793,31.571428571428573,,
0.05,1,7,-1.8856661123406793,31.571428571428573,,
0.05,1,7,-1.8856661123406793,31.571428571428573,,
0.05,1,7,-1.8856661123406793,31.571428571428573,0.10666331462562084,196
0.05,1,7,-1.8856661123406793,31.571428571428573,,
0.05,1,7,-1.8856661123406793,31.571428571428573,,
0.05,1,7,-1.8856661123406793,31.571428571428573,,
0.05,1,7,-1.8856661123406793,31.571428571428573,0.10941010096576065,200
0.05,1,7,-1.8856661123406793,31.571428571428573,,
0.05,1,7,-1.8856661123406793,31.571428571428573,,
0.05,1,7,-1.8856661123406793,31.571428571428573,,
0.05,1,7,-1.8856661123406793,31.571428571428573,0.13875302544329315,204
0.05,1,7,-1.8856661123406793,31.571428571428573,,
0.05,1,7,-1.8856661123406793,31.571428571428573,,
0.05,1,7,-1.8856661123406793,31.571428571428573,,
0.05,1,7,-1.8856661123406793,31.571428571428573,0.1658206544816494,208
0.05,1,7,-1.8856661123406793,31.571428571428573,,
0.05,1,7,-1.8856661123406793,31.571428571428573,,
0.05,1,7,-1.8856661123406793,31.571428571428573,,
0.05,1,7,-1.8856661123406793,31.571428571428573,0.08724137383978814,212
0.05,1,7,-1.8856661123406793,31.571428571428573,,
0.05,1,7,-1.8856661123406793,31.571428571428573,,
0.05,1,7,-1.8856661123406793,31.571428571428573,,
0.05,1,7,-1.8856661123406793,31.571428571428573,0.1015239900443703,216
0.05,1,7,-1.8856661123406793,31.571428571428573,,
0.05,1,7,-1.8856661123406793,31.571428571428573,,
0.05,1,7,-1.8856661123406793,31.571428571428573,,
0.05,1,7,-1.8856661123406793,31.571428571428573,0.1824541948735714,220
0.05,1,7,-1.8856661123406793,31.571428571428573,,
0.05,1,7,-1.8856661123406793,31.571428571428573,,
0.05,1,7,-1.8856661123406793,31.571428571428573,,
0.05,1,7,-1.8856661123406793,31.571428571428573,0.14115284522995353,224
0.05,1,7,-1.8856661123406793,31.571428571428573,,
0.05,1,7,-1.8856661123406793,31.571428571428573,,
0.05,1,8,-2.2032601647253696,40.0,,
0.05,1,8,-2.2032601647253696,40.0,0.18299040384590626,228
0.05,1,8,-2.2032601647253696,40.0,,
0.05,1,8,-2.2032601647253696,40.0,,
0.05,1,9,-1.9642522331267318,35.888888888888886,,
0.05,1,9,-1.9642522331267318,35.888888888888886,0.1810792163014412,232
0.05,1,9,-1.9642522331267318,35.888888888888886,,
0.05,1,9,-1.9642522331267318,35.888888888888886,,
0.05,1,9,-1.9642522331267318,35.888888888888886,,
0.05,1,9,-1.9642522331267318,35.888888888888886,0.24197610467672348,236
0.05,1,9,-1.9642522331267318,35.888888888888886,,
0.05,1,9,-1.9642522331267318,35.888888888888886,,
0.05,1,9,-1.9642522331267318,35.888888888888886,,
0.05,1,9,-1.9642522331267318,35.888888888888886,0.12798072770237923,240
0.05,1,9,-1.9642522331267318,35.888888888888886,,
0.05,1,9,-1.9642522331267318,35.888888888888886,,
0.05,1,9,-1.9642522331267318,35.888888888888886,,
0.05,1,9,-1.9642522331267318,35.888888888888886,0.0951437084004283,244
0.05,1,9,-1.9642522331267318,35.888888888888886,,
0.05,1,10,-1.8087911014030529,33.7,,
0.05,1,10,-1.8087911014030529,33.7,,
0.05,1,10,-1.8087911014030529,33.7,0.11299983412027359,248
0.05,1,10,-1.8087911014030529,33.7,,
0.05,1,10,-1.8087911014030529,33.7,,
0.05,1,10,-1.8087911014030529,33.7,,
0.05,1,10,-1.8087911014030529,33.7,0.1266195122152567,252
0.05,1,10,-1.8087911014030529,33.7,,
0.05,1,10,-1.8087911014030529,33.7,,
0.05,1,10,-1.8087911014030529,33.7,,
0.05,1,10,-1.8087911014030529,33.7,0.20195704326033592,256
0.05,1,10,-1.8087911014030529,33.7,,
0.05,1,10,-1.8087911014030529,33.7,,
0.05,1,10,-1.8087911014030529,33.7,,
0.05,1,10,-1.8087911014030529,33.7,0.1202908381819725,260
0.05,1,10,-1.8087911014030529,33.7,,
0.05,1,10,-1.8087911014030529,33.7,,
0.05,1,10,-1.8087911014030529,33.7,,
0.05,1,10,-1.8087911014030529,33.7,0.11097687110304832,264
0.05,1,10,-1.8087911014030529,33.7,,
0.05,1,10,-1.8087911014030529,33.7,,
0.05,1,10,-1.8087911014030529,33.7,,
0.05,1,10,-1.8087911014030529,33.7,0.127564070164226,268
0.05,1,10,-1.8087911014030529,33.7,,
0.05,1,10,-1.8087911014030529,33.7,,
0.05,1,10,-1.8087911014030529,33.7,,
0.05,1,10,-1.8087911014030529,33.7,0.13671201281249523,272
0.05,1,10,-1.8087911014030529,33.7,,
0.05,1,10,-1.8087911014030529,33.7,,
0.05,1,10,-1.8087911014030529,33.7,,
0.05,1,10,-1.8087911014030529,33.7,0.06452728167641908,276
0.05,1,10,-1.8087911014030529,33.7,,
0.05,1,10,-1.8087911014030529,33.7,,
0.05,1,10,-1.8087911014030529,33.7,,
0.05,1,10,-1.8087911014030529,33.7,0.07624040520749986,280
0.05,1,10,-1.8087911014030529,33.7,,
0.05,1,10,-1.8087911014030529,33.7,,
0.05,1,10,-1.8087911014030529,33.7,,
0.05,1,10,-1.8087911014030529,33.7,0.14882336370646954,284
0.05,1,10,-1.8087911014030529,33.7,,
0.05,1,10,-1.8087911014030529,33.7,,
0.05,1,10,-1.8087911014030529,33.7,,
0.05,1,10,-1.8087911014030529,33.7,0.1256459867581725,288
0.05,1,10,-1.8087911014030529,33.7,,
0.05,1,10,-1.8087911014030529,33.7,,
0.05,1,10,-1.8087911014030529,33.7,,
0.05,1,10,-1.8087911014030529,33.7,0.11660374328494072,292
0.05,1,10,-1.8087911014030529,33.7,,
0.05,1,10,-1.8087911014030529,33.7,,
0.05,1,10,-1.8087911014030529,33.7,,
0.05,1,10,-1.8087911014030529,33.7,0.14218153432011604,296
0.05,1,10,-1.8087911014030529,33.7,,
0.05,1,10,-1.8087911014030529,33.7,,
0.05,1,10,-1.8087911014030529,33.7,,
0.05,1,10,-1.8087911014030529,33.7,0.1441332008689642,300
0.05,1,10,-1.8087911014030529,33.7,,
0.05,1,10,-1.8087911014030529,33.7,,
0.05,1,10,-1.8087911014030529,33.7,,
0.05,1,10,-1.8087911014030529,33.7,0.13580697774887085,304
0.05,1,10,-1.8087911014030529,33.7,,
0.05,1,10,-1.8087911014030529,33.7,,
0.05,1,10,-1.8087911014030529,33.7,,
0.05,1,10,-1.8087911014030529,33.7,0.11713851988315582,308
0.05,1,10,-1.8087911014030529,33.7,,
0.05,1,10,-1.8087911014030529,33.7,,
0.05,1,10,-1.8087911014030529,33.7,,
0.05,1,10,-1.8087911014030529,33.7,0.13240435346961021,312
0.05,1,10,-1.8087911014030529,33.7,,
0.05,1,10,-1.8087911014030529,33.7,,
0.05,1,10,-1.8087911014030529,33.7,,
0.05,1,10,-1.8087911014030529,33.7,0.16490210685878992,316
0.05,1,10,-1.8087911014030529,33.7,,
0.05,1,10,-1.8087911014030529,33.7,,
0.05,1,10,-1.8087911014030529,33.7,,
0.05,1,10,-1.8087911014030529,33.7,0.0813241321593523,320
0.05,1,10,-1.8087911014030529,33.7,,
0.05,1,10,-1.8087911014030529,33.7,,
0.05,1,10,-1.8087911014030529,33.7,,
0.05,1,10,-1.8087911014030529,33.7,0.13721866067498922,324
0.05,1,10,-1.8087911014030529,33.7,,
0.05,1,10,-1.8087911014030529,33.7,,
0.05,1,10,-1.8087911014030529,33.7,,
0.05,1,10,-1.8087911014030529,33.7,0.10138651262968779,328
0.05,1,10,-1.8087911014030529,33.7,,
0.05,1,10,-1.8087911014030529,33.7,,
0.05,1,10,-1.8087911014030529,33.7,,
0.05,1,10,-1.8087911014030529,33.7,0.13344050385057926,332
0.05,1,10,-1.8087911014030529,33.7,,
0.05,2,10,-1.8087911014030529,33.7,,
0.05,2,10,-1.8087911014030529,33.7,,
0.05,2,10,-1.8087911014030529,33.7,0.13173558190464973,336
0.05,2,10,-1.8087911014030529,33.7,,
0.05,2,10,-1.8087911014030529,33.7,,
0.05,2,10,-1.8087911014030529,33.7,,
0.05,2,10,-1.8087911014030529,33.7,0.06437266850844026,340
0.05,2,10,-1.8087911014030529,33.7,,
0.05,2,10,-1.8087911014030529,33.7,,
0.05,2,10,-1.8087911014030529,33.7,,
0.05,2,10,-1.8087911014030529,33.7,0.07937514106743038,344
0.05,2,10,-1.8087911014030529,33.7,,
0.05,2,11,-2.059619626498434,39.63636363636363,,
0.05,2,11,-2.059619626498434,39.63636363636363,,
0.05,2,11,-2.059619626498434,39.63636363636363,0.07049961015582085,348
0.05,2,11,-2.059619626498434,39.63636363636363,,
0.05,2,11,-2.059619626498434,39.63636363636363,,
0.05,2,11,-2.059619626498434,39.63636363636363,,
0.05,2,11,-2.059619626498434,39.63636363636363,0.047886794432997704,352
0.05,2,11,-2.059619626498434,39.63636363636363,,
0.05,2,11,-2.059619626498434,39.63636363636363,,
0.05,2,11,-2.059619626498434,39.63636363636363,,
0.05,2,11,-2.059619626498434,39.63636363636363,0.1818263903260231,356
0.05,2,11,-2.059619626498434,39.63636363636363,,
0.05,2,11,-2.059619626498434,39.63636363636363,,
0.05,2,11,-2.059619626498434,39.63636363636363,,
0.05,2,11,-2.059619626498434,39.63636363636363,0.07387156807817519,360
0.05,2,11,-2.059619626498434,39.63636363636363,,
0.05,2,12,-1.9415913301383976,37.583333333333336,,
0.05,2,12,-1.9415913301383976,37.583333333333336,,
0.05,2,12,-1.9415913301383976,37.583333333333336,0.09007013426162302,364
0.05,2,12,-1.9415913301383976,37.583333333333336,,
0.05,2,12,-1.9415913301383976,37.583333333333336,,
0.05,2,12,-1.9415913301383976,37.583333333333336,,
0.05,2,12,-1.9415913301383976,37.583333333333336,0.06723807076923549,368
0.05,2,12,-1.9415913301383976,37.583333333333336,,
0.05,2,12,-1.9415913301383976,37.583333333333336,,
0.05,2,12,-1.9415913301383976,37.583333333333336,,
0.05,2,12,-1.9415913301383976,37.583333333333336,0.10619501676410437,372
0.05,2,12,-1.9415913301383976,37.583333333333336,,
0.05,2,12,-1.9415913301383976,37.583333333333336,,
0.05,2,12,-1.9415913301383976,37.583333333333336,,
0.05,2,12,-1.9415913301383976,37.583333333333336,0.16502260230481625,376
0.05,2,13,-1.8341681787066788,35.76923076923077,,
0.05,2,13,-1.8341681787066788,35.76923076923077,,
0.05,2,13,-1.8341681787066788,35.76923076923077,,
0.05,2,13,-1.8341681787066788,35.76923076923077,0.22475646063685417,380
0.05,2,13,-1.8341681787066788,35.76923076923077,,
0.05,2,13,-1.8341681787066788,35.76923076923077,,
0.05,2,13,-1.8341681787066788,35.76923076923077,,
0.05,2,13,-1.8341681787066788,35.76923076923077,0.10967162065207958,384
0.05,2,13,-1.8341681787066788,35.76923076923077,,
0.05,2,13,-1.8341681787066788,35.76923076923077,,
0.05,2,13,-1.8341681787066788,35.76923076923077,,
0.05,2,13,-1.8341681787066788,35.76923076923077,0.22650415636599064,388
0.05,2,13,-1.8341681787066788,35.76923076923077,,
0.05,2,13,-1.8341681787066788,35.76923076923077,,
0.05,2,13,-1.8341681787066788,35.76923076923077,,
0.05,2,13,-1.8341681787066788,35.76923076923077,0.1645918246358633,392
0.05,2,13,-1.8341681787066788,35.76923076923077,,
0.05,2,13,-1.8341681787066788,35.76923076923077,,
0.05,2,13,-1.8341681787066788,35.76923076923077,,
0.05,2,13,-1.8341681787066788,35.76923076923077,0.1299751866608858,396
0.05,2,13,-1.8341681787066788,35.76923076923077,,
0.05,2,13,-1.8341681787066788,35.76923076923077,,
0.05,2,13,-1.8341681787066788,35.76923076923077,,
0.05,2,13,-1.8341681787066788,35.76923076923077,0.08300840947777033,400
0.05,2,13,-1.8341681787066788,35.76923076923077,,
0.05,2,13,-1.8341681787066788,35.76923076923077,,
0.05,2,13,-1.8341681787066788,35.76923076923077,,
0.05,2,13,-1.8341681787066788,35.76923076923077,0.12223439570516348,404
0.05,2,13,-1.8341681787066788,35.76923076923077,,
0.05,2,13,-1.8341681787066788,35.76923076923077,,
0.05,2,13,-1.8341681787066788,35.76923076923077,,
0.05,2,13,-1.8341681787066788,35.76923076923077,0.1429246123880148,408
0.05,2,13,-1.8341681787066788,35.76923076923077,,
0.05,2,13,-1.8341681787066788,35.76923076923077,,
0.05,2,13,-1.8341681787066788,35.76923076923077,,
0.05,2,13,-1.8341681787066788,35.76923076923077,0.11092252191156149,412
0.05,2,13,-1.8341681787066788,35.76923076923077,,
0.05,2,13,-1.8341681787066788,35.76923076923077,,
0.05,2,13,-1.8341681787066788,35.76923076923077,,
0.05,2,13,-1.8341681787066788,35.76923076923077,0.13331825844943523,416
0.05,2,13,-1.8341681787066788,35.76923076923077,,
0.05,2,13,-1.8341681787066788,35.76923076923077,,
0.05,2,13,-1.8341681787066788,35.76923076923077,,
0.05,2,13,-1.8341681787066788,35.76923076923077,0.12542536109685898,420
0.05,2,13,-1.8341681787066788,35.76923076923077,,
0.05,2,13,-1.8341681787066788,35.76923076923077,,
0.05,2,13,-1.8341681787066788,35.76923076923077,,
0.05,2,13,-1.8341681787066788,35.76923076923077,0.14428551495075226,424
0.05,2,13,-1.8341681787066788,35.76923076923077,,
0.05,2,13,-1.8341681787066788,35.76923076923077,,
0.05,2,13,-1.8341681787066788,35.76923076923077,,
0.05,2,13,-1.8341681787066788,35.76923076923077,0.06801353872288018,428
0.05,2,13,-1.8341681787066788,35.76923076923077,,
0.05,2,13,-1.8341681787066788,35.76923076923077,,
0.05,2,13,-1.8341681787066788,35.76923076923077,,
0.05,2,13,-1.8341681787066788,35.76923076923077,0.055814573308452964,432
0.05,2,13,-1.8341681787066788,35.76923076923077,,
0.05,2,13,-1.8341681787066788,35.76923076923077,,
0.05,2,13,-1.8341681787066788,35.76923076923077,,
0.05,2,13,-1.8341681787066788,35.76923076923077,0.10006250068545341,436
0.05,2,13,-1.8341681787066788,35.76923076923077,,
0.05,2,13,-1.8341681787066788,35.76923076923077,,
0.05,2,13,-1.8341681787066788,35.76923076923077,,
0.05,2,13,-1.8341681787066788,35.76923076923077,0.05061978125013411,440
0.05,2,13,-1.8341681787066788,35.76923076923077,,
0.05,2,13,-1.8341681787066788,35.76923076923077,,
0.05,2,13,-1.8341681787066788,35.76923076923077,,
0.05,2,13,-1.8341681787066788,35.76923076923077,0.10658230446279049,444
0.05,2,13,-1.8341681787066788,35.76923076923077,,
0.05,2,13,-1.8341681787066788,35.76923076923077,,
0.05,2,13,-1.8341681787066788,35.76923076923077,,
0.05,2,13,-1.8341681787066788,35.76923076923077,0.14344537630677223,448
0.05,2,13,-1.8341681787066788,35.76923076923077,,
0.05,2,13,-1.8341681787066788,35.76923076923077,,
0.05,2,13,-1.8341681787066788,35.76923076923077,,
0.05,2,13,-1.8341681787066788,35.76923076923077,0.04493458638899028,452
0.05,2,13,-1.8341681787066788,35.76923076923077,,
0.05,2,13,-1.8341681787066788,35.76923076923077,,
0.05,2,13,-1.8341681787066788,35.76923076923077,,
0.05,2,13,-1.8341681787066788,35.76923076923077,0.16717809438705444,456
0.05,2,13,-1.8341681787066788,35.76923076923077,,
0.05,2,13,-1.8341681787066788,35.76923076923077,,
0.05,2,13,-1.8341681787066788,35.76923076923077,,
0.05,2,13,-1.8341681787066788,35.76923076923077,0.1650555171072483,460
0.05,2,13,-1.8341681787066788,35.76923076923077,,
0.05,2,13,-1.8341681787066788,35.76923076923077,,
0.05,2,13,-1.8341681787066788,35.76923076923077,,
0.05,2,13,-1.8341681787066788,35.76923076923077,0.12393615208566189,464
0.05,2,13,-1.8341681787066788,35.76923076923077,,
0.05,2,13,-1.8341681787066788,35.76923076923077,,
0.05,2,13,-1.8341681787066788,35.76923076923077,,
0.05,2,13,-1.8341681787066788,35.76923076923077,0.06392873264849186,468
0.05,2,13,-1.8341681787066788,35.76923076923077,,
0.05,2,13,-1.8341681787066788,35.76923076923077,,
0.05,2,13,-1.8341681787066788,35.76923076923077,,
0.05,2,13,-1.8341681787066788,35.76923076923077,0.0418617392424494,472
0.05,2,13,-1.8341681787066788,35.76923076923077,,
0.05,2,13,-1.8341681787066788,35.76923076923077,,
0.05,2,13,-1.8341681787066788,35.76923076923077,,
0.05,2,13,-1.8341681787066788,35.76923076923077,0.06439406704157591,476
0.05,2,14,-2.0150251291989316,40.285714285714285,,
0.05,2,14,-2.0150251291989316,40.285714285714285,,
0.05,2,14,-2.0150251291989316,40.285714285714285,,
0.05,2,14,-2.0150251291989316,40.285714285714285,0.1392394620925188,480
0.05,2,14,-2.0150251291989316,40.285714285714285,,
0.05,2,14,-2.0150251291989316,40.285714285714285,,
0.05,2,14,-2.0150251291989316,40.285714285714285,,
0.05,2,14,-2.0150251291989316,40.285714285714285,0.06861886940896511,484
0.05,2,14,-2.0150251291989316,40.285714285714285,,
0.05,2,14,-2.0150251291989316,40.285714285714285,,
0.05,2,14,-2.0150251291989316,40.285714285714285,,
0.05,2,14,-2.0150251291989316,40.285714285714285,0.08865534327924252,488
0.05,2,14,-2.0150251291989316,40.285714285714285,,
0.05,2,14,-2.0150251291989316,40.285714285714285,,
0.05,2,14,-2.0150251291989316,40.285714285714285,,
0.05,2,14,-2.0150251291989316,40.285714285714285,0.054582982789725065,492
0.05,2,14,-2.0150251291989316,40.285714285714285,,
0.05,2,14,-2.0150251291989316,40.285714285714285,,
0.05,2,14,-2.0150251291989316,40.285714285714285,,
0.05,2,14,-2.0150251291989316,40.285714285714285,0.07934660091996193,496
0.05,2,14,-2.0150251291989316,40.285714285714285,,
0.05,2,14,-2.0150251291989316,40.285714285714285,,
0.05,2,14,-2.0150251291989316,40.285714285714285,,
0.05,2,14,-2.0150251291989316,40.285714285714285,0.09386413265019655,500
0.05,2,14,-2.0150251291989316,40.285714285714285,,
0.05,2,14,-2.0150251291989316,40.285714285714285,,
0.05,2,14,-2.0150251291989316,40.285714285714285,,
0.05,2,14,-2.0150251291989316,40.285714285714285,0.07103970949538052,504
0.05,2,14,-2.0150251291989316,40.285714285714285,,
0.05,2,14,-2.0150251291989316,40.285714285714285,,
0.05,2,14,-2.0150251291989316,40.285714285714285,,
0.05,2,14,-2.0150251291989316,40.285714285714285,0.09255784377455711,508
0.05,2,14,-2.0150251291989316,40.285714285714285,,
0.05,2,14,-2.0150251291989316,40.285714285714285,,
0.05,2,14,-2.0150251291989316,40.285714285714285,,
0.05,2,14,-2.0150251291989316,40.285714285714285,0.08172105345875025,512
0.05,2,14,-2.0150251291989316,40.285714285714285,,
0.05,2,14,-2.0150251291989316,40.285714285714285,,
0.05,2,14,-2.0150251291989316,40.285714285714285,,
0.05,2,14,-2.0150251291989316,40.285714285714285,0.10447896970435977,516
0.05,2,14,-2.0150251291989316,40.285714285714285,,
0.05,2,14,-2.0150251291989316,40.285714285714285,,
0.05,2,14,-2.0150251291989316,40.285714285714285,,
0.05,2,14,-2.0150251291989316,40.285714285714285,0.10908480500802398,520
0.05,2,14,-2.0150251291989316,40.285714285714285,,
0.05,2,14,-2.0150251291989316,40.285714285714285,,
0.05,2,14,-2.0150251291989316,40.285714285714285,,
0.05,2,14,-2.0150251291989316,40.285714285714285,0.11508372565731406,524
0.05,2,14,-2.0150251291989316,40.285714285714285,,
0.05,2,14,-2.0150251291989316,40.285714285714285,,
0.05,2,14,-2.0150251291989316,40.285714285714285,,
0.05,2,14,-2.0150251291989316,40.285714285714285,0.09445879235863686,528
0.05,2,14,-2.0150251291989316,40.285714285714285,,
0.05,2,14,-2.0150251291989316,40.285714285714285,,
0.05,2,14,-2.0150251291989316,40.285714285714285,,
0.05,2,14,-2.0150251291989316,40.285714285714285,0.07095563458278775,532
0.05,2,14,-2.0150251291989316,40.285714285714285,,
0.05,2,14,-2.0150251291989316,40.285714285714285,,
0.05,2,14,-2.0150251291989316,40.285714285714285,,
0.05,2,14,-2.0150251291989316,40.285714285714285,0.1204636050388217,536
0.05,2,14,-2.0150251291989316,40.285714285714285,,
0.05,2,14,-2.0150251291989316,40.285714285714285,,
0.05,2,14,-2.0150251291989316,40.285714285714285,,
0.05,3,14,-2.0150251291989316,40.285714285714285,0.11349345999769866,540
0.05,3,14,-2.0150251291989316,40.285714285714285,,
0.05,3,14,-2.0150251291989316,40.285714285714285,,
0.05,3,14,-2.0150251291989316,40.285714285714285,,
0.05,3,14,-2.0150251291989316,40.285714285714285,0.129093948751688,544
0.05,3,14,-2.0150251291989316,40.285714285714285,,
0.05,3,14,-2.0150251291989316,40.285714285714285,,
0.05,3,14,-2.0150251291989316,40.285714285714285,,
0.05,3,14,-2.0150251291989316,40.285714285714285,0.10323091689497232,548
0.05,3,14,-2.0150251291989316,40.285714285714285,,
0.05,3,14,-2.0150251291989316,40.285714285714285,,
0.05,3,14,-2.0150251291989316,40.285714285714285,,
0.05,3,14,-2.0150251291989316,40.285714285714285,0.03971978439949453,552
0.05,3,14,-2.0150251291989316,40.285714285714285,,
0.05,3,14,-2.0150251291989316,40.285714285714285,,
0.05,3,14,-2.0150251291989316,40.285714285714285,,
0.05,3,14,-2.0150251291989316,40.285714285714285,0.08234837185591459,556
0.05,3,14,-2.0150251291989316,40.285714285714285,,
0.05,3,14,-2.0150251291989316,40.285714285714285,,
0.05,3,14,-2.0150251291989316,40.285714285714285,,
0.05,3,14,-2.0150251291989316,40.285714285714285,0.08477318193763494,560
0.05,3,14,-2.0150251291989316,40.285714285714285,,
0.05,3,14,-2.0150251291989316,40.285714285714285,,
0.05,3,14,-2.0150251291989316,40.285714285714285,,
0.05,3,14,-2.0150251291989316,40.285714285714285,0.1014168793335557,564
0.05,3,14,-2.0150251291989316,40.285714285714285,,
0.05,3,14,-2.0150251291989316,40.285714285714285,,
0.05,3,14,-2.0150251291989316,40.285714285714285,,
0.05,3,14,-2.0150251291989316,40.285714285714285,0.09488831833004951,568
0.05,3,15,-2.069574124655595,43.666666666666664,,
0.05,3,15,-2.069574124655595,43.666666666666664,,
0.05,3,15,-2.069574124655595,43.666666666666664,,
0.05,3,15,-2.069574124655595,43.666666666666664,0.10417639603838325,572
0.05,3,15,-2.069574124655595,43.666666666666664,,
0.05,3,15,-2.069574124655595,43.666666666666664,,
0.05,3,15,-2.069574124655595,43.666666666666664,,
0.05,3,15,-2.069574124655595,43.666666666666664,0.13277334719896317,576
0.05,3,15,-2.069574124655595,43.666666666666664,,
0.05,3,15,-2.069574124655595,43.666666666666664,,
0.05,3,15,-2.069574124655595,43.666666666666664,,
0.05,3,15,-2.069574124655595,43.666666666666664,0.1113075464963913,580
0.05,3,15,-2.069574124655595,43.666666666666664,,
0.05,3,15,-2.069574124655595,43.666666666666664,,
0.05,3,15,-2.069574124655595,43.666666666666664,,
0.05,3,15,-2.069574124655595,43.666666666666664,0.10863675642758608,584
0.05,3,15,-2.069574124655595,43.666666666666664,,
0.05,3,15,-2.069574124655595,43.666666666666664,,
0.05,3,15,-2.069574124655595,43.666666666666664,,
0.05,3,15,-2.069574124655595,43.666666666666664,0.08822843618690968,588
0.05,3,16,-1.9621635464348415,42.125,,
0.05,3,16,-1.9621635464348415,42.125,,
0.05,3,16,-1.9621635464348415,42.125,,
0.05,3,16,-1.9621635464348415,42.125,0.0684956694021821,592
0.05,3,16,-1.9621635464348415,42.125,,
0.05,3,16,-1.9621635464348415,42.125,,
0.05,3,16,-1.9621635464348415,42.125,,
0.05,3,16,-1.9621635464348415,42.125,0.12463748082518578,596
0.05,3,16,-1.9621635464348415,42.125,,
0.05,3,16,-1.9621635464348415,42.125,,
0.05,3,16,-1.9621635464348415,42.125,,
0.05,3,16,-1.9621635464348415,42.125,0.0837996443733573,600
0.05,3,16,-1.9621635464348415,42.125,,
0.05,3,16,-1.9621635464348415,42.125,,
0.05,3,16,-1.9621635464348415,42.125,,
0.05,3,16,-1.9621635464348415,42.125,0.09317927481606603,604
0.05,3,16,-1.9621635464348415,42.125,,
0.05,3,16,-1.9621635464348415,42.125,,
0.05,3,16,-1.9621635464348415,42.125,,
0.05,3,16,-1.9621635464348415,42.125,0.07291870866902173,608
0.05,3,16,-1.9621635464348415,42.125,,
0.05,3,16,-1.9621635464348415,42.125,,
0.05,3,16,-1.9621635464348415,42.125,,
0.05,3,16,-1.9621635464348415,42.125,0.07752767112106085,612
0.05,3,16,-1.9621635464348415,42.125,,
0.05,3,16,-1.9621635464348415,42.125,,
0.05,3,16,-1.9621635464348415,42.125,,
0.05,3,16,-1.9621635464348415,42.125,0.05628981441259384,616
0.05,3,16,-1.9621635464348415,42.125,,
0.05,3,16,-1.9621635464348415,42.125,,
0.05,3,16,-1.9621635464348415,42.125,,
0.05,3,16,-1.9621635464348415,42.125,0.06500876136124134,620
0.05,3,17,-1.8820992901777491,41.470588235294116,,
0.05,3,17,-1.8820992901777491,41.470588235294116,,
0.05,3,17,-1.8820992901777491,41.470588235294116,,
0.05,3,17,-1.8820992901777491,41.470588235294116,0.0540306675247848,624
0.05,3,17,-1.8820992901777491,41.470588235294116,,
0.05,3,17,-1.8820992901777491,41.470588235294116,,
0.05,3,17,-1.8820992901777491,41.470588235294116,,
0.05,3,17,-1.8820992901777491,41.470588235294116,0.052092866972088814,628
0.05,3,17,-1.8820992901777491,41.470588235294116,,
0.05,3,17,-1.8820992901777491,41.470588235294116,,
0.05,3,18,-1.7867227930123373,39.666666666666664,,
0.05,3,18,-1.7867227930123373,39.666666666666664,0.10112078487873077,632
0.05,3,18,-1.7867227930123373,39.666666666666664,,
0.05,3,18,-1.7867227930123373,39.666666666666664,,
0.05,3,18,-1.7867227930123373,39.666666666666664,,
0.05,3,18,-1.7867227930123373,39.666666666666664,0.120335309416987,636
0.05,3,18,-1.7867227930123373,39.666666666666664,,
0.05,3,18,-1.7867227930123373,39.666666666666664,,
0.05,3,18,-1.7867227930123373,39.666666666666664,,
0.05,3,18,-1.7867227930123373,39.666666666666664,0.05143259838223457,640
0.05,3,18,-1.7867227930123373,39.666666666666664,,
0.05,3,18,-1.7867227930123373,39.666666666666664,,
0.05,3,18,-1.7867227930123373,39.666666666666664,,
0.05,3,18,-1.7867227930123373,39.666666666666664,0.07973865419626236,644
0.05,3,18,-1.7867227930123373,39.666666666666664,,
0.05,3,18,-1.7867227930123373,39.666666666666664,,
0.05,3,18,-1.7867227930123373,39.666666666666664,,
0.05,3,18,-1.7867227930123373,39.666666666666664,0.10570765845477581,648
0.05,3,18,-1.7867227930123373,39.666666666666664,,
0.05,3,18,-1.7867227930123373,39.666666666666664,,
0.05,3,18,-1.7867227930123373,39.666666666666664,,
0.05,3,18,-1.7867227930123373,39.666666666666664,0.06720849312841892,652
0.05,3,18,-1.7867227930123373,39.666666666666664,,
0.05,3,18,-1.7867227930123373,39.666666666666664,,
0.05,3,18,-1.7867227930123373,39.666666666666664,,
0.05,3,18,-1.7867227930123373,39.666666666666664,0.050388435600325465,656
0.05,3,18,-1.7867227930123373,39.666666666666664,,
0.05,3,18,-1.7867227930123373,39.666666666666664,,
0.05,3,18,-1.7867227930123373,39.666666666666664,,
0.05,3,18,-1.7867227930123373,39.666666666666664,0.0793191958218813,660
0.05,3,19,-1.7384040934447886,39.10526315789474,,
0.05,3,19,-1.7384040934447886,39.10526315789474,,
0.05,3,19,-1.7384040934447886,39.10526315789474,,
0.05,3,19,-1.7384040934447886,39.10526315789474,0.14994395151734352,664
0.05,3,19,-1.7384040934447886,39.10526315789474,,
0.05,3,19,-1.7384040934447886,39.10526315789474,,
0.05,3,19,-1.7384040934447886,39.10526315789474,,
0.05,3,19,-1.7384040934447886,39.10526315789474,0.12180258659645915,668
0.05,3,19,-1.7384040934447886,39.10526315789474,,
0.05,3,19,-1.7384040934447886,39.10526315789474,,
0.05,3,19,-1.7384040934447886,39.10526315789474,,
0.05,3,19,-1.7384040934447886,39.10526315789474,0.13680931995622814,672
0.05,3,19,-1.7384040934447886,39.10526315789474,,
0.05,3,19,-1.7384040934447886,39.10526315789474,,
0.05,3,19,-1.7384040934447886,39.10526315789474,,
0.05,3,19,-1.7384040934447886,39.10526315789474,0.054700157372280955,676
0.05,3,19,-1.7384040934447886,39.10526315789474,,
0.05,3,19,-1.7384040934447886,39.10526315789474,,
0.05,3,19,-1.7384040934447886,39.10526315789474,,
0.05,3,19,-1.7384040934447886,39.10526315789474,0.07028621179051697,680
0.05,3,19,-1.7384040934447886,39.10526315789474,,
0.05,3,19,-1.7384040934447886,39.10526315789474,,
0.05,3,19,-1.7384040934447886,39.10526315789474,,
0.05,3,19,-1.7384040934447886,39.10526315789474,0.07787135965190828,684
0.05,3,19,-1.7384040934447886,39.10526315789474,,
0.05,3,19,-1.7384040934447886,39.10526315789474,,
0.05,3,19,-1.7384040934447886,39.10526315789474,,
0.05,3,19,-1.7384040934447886,39.10526315789474,0.13797185011208057,688
0.05,3,19,-1.7384040934447886,39.10526315789474,,
0.05,3,19,-1.7384040934447886,39.10526315789474,,
0.05,3,19,-1.7384040934447886,39.10526315789474,,
0.05,3,19,-1.7384040934447886,39.10526315789474,0.07000632619019598,692
0.05,3,19,-1.7384040934447886,39.10526315789474,,
0.05,3,19,-1.7384040934447886,39.10526315789474,,
0.05,3,19,-1.7384040934447886,39.10526315789474,,
0.05,3,19,-1.7384040934447886,39.10526315789474,0.10027416609227657,696
0.05,3,19,-1.7384040934447886,39.10526315789474,,
0.05,3,19,-1.7384040934447886,39.10526315789474,,
0.05,3,19,-1.7384040934447886,39.10526315789474,,
0.05,3,19,-1.7384040934447886,39.10526315789474,0.12193169351667166,700
0.05,3,19,-1.7384040934447886,39.10526315789474,,
0.05,3,19,-1.7384040934447886,39.10526315789474,,
0.05,3,19,-1.7384040934447886,39.10526315789474,,
0.05,3,19,-1.7384040934447886,39.10526315789474,0.055985461454838514,704
0.05,3,19,-1.7384040934447886,39.10526315789474,,
0.05,3,19,-1.7384040934447886,39.10526315789474,,
0.05,3,19,-1.7384040934447886,39.10526315789474,,
0.05,3,19,-1.7384040934447886,39.10526315789474,0.03742744226474315,708
0.05,3,19,-1.7384040934447886,39.10526315789474,,
0.05,3,19,-1.7384040934447886,39.10526315789474,,
0.05,3,19,-1.7384040934447886,39.10526315789474,,
0.05,3,19,-1.7384040934447886,39.10526315789474,0.11157915741205215,712
0.05,3,19,-1.7384040934447886,39.10526315789474,,
0.05,3,19,-1.7384040934447886,39.10526315789474,,
0.05,3,19,-1.7384040934447886,39.10526315789474,,
0.05,3,19,-1.7384040934447886,39.10526315789474,0.09098769747652113,716
0.05,3,19,-1.7384040934447886,39.10526315789474,,
0.05,3,19,-1.7384040934447886,39.10526315789474,,
0.05,3,19,-1.7384040934447886,39.10526315789474,,
0.05,3,19,-1.7384040934447886,39.10526315789474,0.10914227785542607,720
0.05,3,19,-1.7384040934447886,39.10526315789474,,
0.05,3,19,-1.7384040934447886,39.10526315789474,,
0.05,3,19,-1.7384040934447886,39.10526315789474,,
0.05,3,19,-1.7384040934447886,39.10526315789474,0.06723857671022415,724
0.05,3,19,-1.7384040934447886,39.10526315789474,,
0.05,3,19,-1.7384040934447886,39.10526315789474,,
0.05,3,20,-1.8027721817443374,40.4,,
0.05,3,20,-1.8027721817443374,40.4,0.05370544921606779,728
0.05,3,21,-1.7177789130337775,38.523809523809526,,
0.05,3,21,-1.7177789130337775,38.523809523809526,,
0.05,3,21,-1.7177789130337775,38.523809523809526,,
0.05,3,21,-1.7177789130337775,38.523809523809526,0.06794074806384742,732
0.05,3,21,-1.7177789130337775,38.523809523809526,,
0.05,3,21,-1.7177789130337775,38.523809523809526,,
0.05,3,21,-1.7177789130337775,38.523809523809526,,
0.05,3,21,-1.7177789130337775,38.523809523809526,0.0673939436674118,736
0.05,3,21,-1.7177789130337775,38.523809523809526,,
0.05,3,21,-1.7177789130337775,38.523809523809526,,
0.05,3,21,-1.7177789130337775,38.523809523809526,,
0.05,3,21,-1.7177789130337775,38.523809523809526,0.08132017496973276,740
0.05,3,21,-1.7177789130337775,38.523809523809526,,
0.05,3,21,-1.7177789130337775,38.523809523809526,,
0.05,3,21,-1.7177789130337775,38.523809523809526,,
0.05,3,21,-1.7177789130337775,38.523809523809526,0.06425408087670803,744
0.05,3,21,-1.7177789130337775,38.523809523809526,,
0.05,3,21,-1.7177789130337775,38.523809523809526,,
0.05,3,21,-1.7177789130337775,38.523809523809526,,
0.05,3,21,-1.7177789130337775,38.523809523809526,0.055592340999282897,748
0.05,3,21,-1.7177789130337775,38.523809523809526,,
0.05,3,21,-1.7177789130337775,38.523809523809526,,
0.05,3,21,-1.7177789130337775,38.523809523809526,,
0.05,3,21,-1.7177789130337775,38.523809523809526,0.041643641190603375,752
0.05,3,21,-1.7177789130337775,38.523809523809526,,
0.05,3,21,-1.7177789130337775,38.523809523809526,,
0.05,3,21,-1.7177789130337775,38.523809523809526,,
0.05,4,21,-1.7177789130337775,38.523809523809526,0.05741368979215622,756
0.05,4,21,-1.7177789130337775,38.523809523809526,,
0.05,4,21,-1.7177789130337775,38.523809523809526,,
0.05,4,21,-1.7177789130337775,38.523809523809526,,
0.05,4,21,-1.7177789130337775,38.523809523809526,0.05240060738287866,760
0.05,4,21,-1.7177789130337775,38.523809523809526,,
0.05,4,21,-1.7177789130337775,38.523809523809526,,
0.05,4,21,-1.7177789130337775,38.523809523809526,,
0.05,4,21,-1.7177789130337775,38.523809523809526,0.12233667448163033,764
0.05,4,21,-1.7177789130337775,38.523809523809526,,
0.05,4,21,-1.7177789130337775,38.523809523809526,,
0.05,4,21,-1.7177789130337775,38.523809523809526,,
0.05,4,21,-1.7177789130337775,38.523809523809526,0.06564772699493915,768
0.05,4,21,-1.7177789130337775,38.523809523809526,,
0.05,4,21,-1.7177789130337775,38.523809523809526,,
0.05,4,21,-1.7177789130337775,38.523809523809526,,
0.05,4,21,-1.7177789130337775,38.523809523809526,0.09718129690736532,772
0.05,4,21,-1.7177789130337775,38.523809523809526,,
0.05,4,21,-1.7177789130337775,38.523809523809526,,
0.05,4,21,-1.7177789130337775,38.523809523809526,,
0.05,4,21,-1.7177789130337775,38.523809523809526,0.11168936267495155,776
0.05,4,21,-1.7177789130337775,38.523809523809526,,
0.05,4,21,-1.7177789130337775,38.523809523809526,,
0.05,4,21,-1.7177789130337775,38.523809523809526,,
0.05,4,21,-1.7177789130337775,38.523809523809526,0.05120965256355703,780
0.05,4,21,-1.7177789130337775,38.523809523809526,,
0.05,4,21,-1.7177789130337775,38.523809523809526,,
0.05,4,21,-1.7177789130337775,38.523809523809526,,
0.05,4,21,-1.7177789130337775,38.523809523809526,0.053242762573063374,784
0.05,4,21,-1.7177789130337775,38.523809523809526,,
0.05,4,21,-1.7177789130337775,38.523809523809526,,
0.05,4,21,-1.7177789130337775,38.523809523809526,,
0.05,4,21,-1.7177789130337775,38.523809523809526,0.07336549134925008,788
0.05,4,21,-1.7177789130337775,38.523809523809526,,
0.05,4,21,-1.7177789130337775,38.523809523809526,,
0.05,4,22,-1.7573902009259257,39.54545454545455,,
0.05,4,22,-1.7573902009259257,39.54545454545455,0.0839743698015809,792
0.05,4,22,-1.7573902009259257,39.54545454545455,,
0.05,4,22,-1.7573902009259257,39.54545454545455,,
0.05,4,22,-1.7573902009259257,39.54545454545455,,
0.05,4,22,-1.7573902009259257,39.54545454545455,0.11487631965428591,796
0.05,4,22,-1.7573902009259257,39.54545454545455,,
0.05,4,22,-1.7573902009259257,39.54545454545455,,
0.05,4,22,-1.7573902009259257,39.54545454545455,,
0.05,4,22,-1.7573902009259257,39.54545454545455,0.04537003918085247,800
0.05,4,22,-1.7573902009259257,39.54545454545455,,
0.05,4,22,-1.7573902009259257,39.54545454545455,,
0.05,4,22,-1.7573902009259257,39.54545454545455,,
0.05,4,22,-1.7573902009259257,39.54545454545455,0.08075227029621601,804
0.05,4,22,-1.7573902009259257,39.54545454545455,,
0.05,4,22,-1.7573902009259257,39.54545454545455,,
0.05,4,22,-1.7573902009259257,39.54545454545455,,
0.05,4,22,-1.7573902009259257,39.54545454545455,0.06440838985145092,808
0.05,4,22,-1.7573902009259257,39.54545454545455,,
0.05,4,22,-1.7573902009259257,39.54545454545455,,
0.05,4,22,-1.7573902009259257,39.54545454545455,,
0.05,4,22,-1.7573902009259257,39.54545454545455,0.08720974996685982,812
0.05,4,22,-1.7573902009259257,39.54545454545455,,
0.05,4,22,-1.7573902009259257,39.54545454545455,,
0.05,4,22,-1.7573902009259257,39.54545454545455,,
0.05,4,22,-1.7573902009259257,39.54545454545455,0.050519708544015884,816
0.05,4,22,-1.7573902009259257,39.54545454545455,,
0.05,4,22,-1.7573902009259257,39.54545454545455,,
0.05,4,22,-1.7573902009259257,39.54545454545455,,
0.05,4,22,-1.7573902009259257,39.54545454545455,0.01119204075075686,820
0.05,4,22,-1.7573902009259257,39.54545454545455,,
0.05,4,22,-1.7573902009259257,39.54545454545455,,
0.05,4,22,-1.7573902009259257,39.54545454545455,,
0.05,4,22,-1.7573902009259257,39.54545454545455,0.07740412768907845,824
0.05,4,22,-1.7573902009259257,39.54545454545455,,
0.05,4,22,-1.7573902009259257,39.54545454545455,,
0.05,4,22,-1.7573902009259257,39.54545454545455,,
0.05,4,22,-1.7573902009259257,39.54545454545455,0.09181977063417435,828
0.05,4,22,-1.7573902009259257,39.54545454545455,,
0.05,4,22,-1.7573902009259257,39.54545454545455,,
0.05,4,22,-1.7573902009259257,39.54545454545455,,
0.05,4,22,-1.7573902009259257,39.54545454545455,0.07308409456163645,832
0.05,4,22,-1.7573902009259257,39.54545454545455,,
0.05,4,22,-1.7573902009259257,39.54545454545455,,
0.05,4,22,-1.7573902009259257,39.54545454545455,,
0.05,4,22,-1.7573902009259257,39.54545454545455,0.05132064688950777,836
0.05,4,22,-1.7573902009259257,39.54545454545455,,
0.05,4,23,-1.7639097216310438,39.82608695652174,,
0.05,4,23,-1.7639097216310438,39.82608695652174,,
0.05,4,23,-1.7639097216310438,39.82608695652174,0.09352017752826214,840
0.05,4,23,-1.7639097216310438,39.82608695652174,,
0.05,4,23,-1.7639097216310438,39.82608695652174,,
0.05,4,23,-1.7639097216310438,39.82608695652174,,
0.05,4,23,-1.7639097216310438,39.82608695652174,0.02561528282240033,844
0.05,4,23,-1.7639097216310438,39.82608695652174,,
0.05,4,23,-1.7639097216310438,39.82608695652174,,
0.05,4,23,-1.7639097216310438,39.82608695652174,,
0.05,4,23,-1.7639097216310438,39.82608695652174,0.036526252049952745,848
0.05,4,23,-1.7639097216310438,39.82608695652174,,
0.05,4,23,-1.7639097216310438,39.82608695652174,,
0.05,4,23,-1.7639097216310438,39.82608695652174,,
0.05,4,23,-1.7639097216310438,39.82608695652174,0.052206306252628565,852
0.05,4,23,-1.7639097216310438,39.82608695652174,,
0.05,4,23,-1.7639097216310438,39.82608695652174,,
0.05,4,23,-1.7639097216310438,39.82608695652174,,
0.05,4,23,-1.7639097216310438,39.82608695652174,0.03364462871104479,856
0.05,4,24,-1.7202484575459203,38.916666666666664,,
0.05,4,24,-1.7202484575459203,38.916666666666664,,
0.05,4,24,-1.7202484575459203,38.916666666666664,,
0.05,4,24,-1.7202484575459203,38.916666666666664,0.08425965951755643,860
0.05,4,24,-1.7202484575459203,38.916666666666664,,
0.05,4,24,-1.7202484575459203,38.916666666666664,,
0.05,4,24,-1.7202484575459203,38.916666666666664,,
0.05,4,24,-1.7202484575459203,38.916666666666664,0.04935542959719896,864
0.05,4,24,-1.7202484575459203,38.916666666666664,,
0.05,4,24,-1.7202484575459203,38.916666666666664,,
0.05,4,24,-1.7202484575459203,38.916666666666664,,
0.05,4,24,-1.7202484575459203,38.916666666666664,0.0636543333530426,868
0.05,4,24,-1.7202484575459203,38.916666666666664,,
0.05,4,24,-1.7202484575459203,38.916666666666664,,
0.05,4,24,-1.7202484575459203,38.916666666666664,,
0.05,4,24,-1.7202484575459203,38.916666666666664,0.06382244976703078,872
0.05,4,24,-1.7202484575459203,38.916666666666664,,
0.05,4,24,-1.7202484575459203,38.916666666666664,,
0.05,4,24,-1.7202484575459203,38.916666666666664,,
0.05,4,24,-1.7202484575459203,38.916666666666664,0.03364998451434076,876
0.05,4,24,-1.7202484575459203,38.916666666666664,,
0.05,4,24,-1.7202484575459203,38.916666666666664,,
0.05,4,24,-1.7202484575459203,38.916666666666664,,
0.05,4,24,-1.7202484575459203,38.916666666666664,0.07205155771225691,880
0.05,4,24,-1.7202484575459203,38.916666666666664,,
0.05,4,24,-1.7202484575459203,38.916666666666664,,
0.05,4,24,-1.7202484575459203,38.916666666666664,,
0.05,4,24,-1.7202484575459203,38.916666666666664,0.06481368560343981,884
0.05,4,24,-1.7202484575459203,38.916666666666664,,
0.05,4,24,-1.7202484575459203,38.916666666666664,,
0.05,4,24,-1.7202484575459203,38.916666666666664,,
0.05,4,24,-1.7202484575459203,38.916666666666664,0.02225936553440988,888
0.05,4,24,-1.7202484575459203,38.916666666666664,,
0.05,4,24,-1.7202484575459203,38.916666666666664,,
0.05,4,24,-1.7202484575459203,38.916666666666664,,
0.05,4,24,-1.7202484575459203,38.916666666666664,0.04991950863040984,892
0.05,4,24,-1.7202484575459203,38.916666666666664,,
0.05,4,24,-1.7202484575459203,38.916666666666664,,
0.05,4,24,-1.7202484575459203,38.916666666666664,,
0.05,4,24,-1.7202484575459203,38.916666666666664,0.07372248265892267,896
0.05,4,24,-1.7202484575459203,38.916666666666664,,
0.05,4,24,-1.7202484575459203,38.916666666666664,,
0.05,4,24,-1.7202484575459203,38.916666666666664,,
0.05,4,24,-1.7202484575459203,38.916666666666664,0.013618431403301656,900
0.05,4,24,-1.7202484575459203,38.916666666666664,,
0.05,4,24,-1.7202484575459203,38.916666666666664,,
0.05,4,24,-1.7202484575459203,38.916666666666664,,
0.05,4,24,-1.7202484575459203,38.916666666666664,0.07663661171682179,904
0.05,4,24,-1.7202484575459203,38.916666666666664,,
0.05,4,24,-1.7202484575459203,38.916666666666664,,
0.05,4,24,-1.7202484575459203,38.916666666666664,,
0.05,4,24,-1.7202484575459203,38.916666666666664,0.03381671127863228,908
0.05,4,24,-1.7202484575459203,38.916666666666664,,
0.05,4,24,-1.7202484575459203,38.916666666666664,,
0.05,4,24,-1.7202484575459203,38.916666666666664,,
0.05,4,24,-1.7202484575459203,38.916666666666664,0.041503987507894635,912
0.05,4,24,-1.7202484575459203,38.916666666666664,,
0.05,4,24,-1.7202484575459203,38.916666666666664,,
0.05,4,24,-1.7202484575459203,38.916666666666664,,
0.05,4,24,-1.7202484575459203,38.916666666666664,0.06674000853672624,916
0.05,4,24,-1.7202484575459203,38.916666666666664,,
0.05,4,24,-1.7202484575459203,38.916666666666664,,
0.05,4,24,-1.7202484575459203,38.916666666666664,,
0.05,4,24,-1.7202484575459203,38.916666666666664,0.06094973930157721,920
0.05,4,24,-1.7202484575459203,38.916666666666664,,
0.05,4,24,-1.7202484575459203,38.916666666666664,,
0.05,4,24,-1.7202484575459203,38.916666666666664,,
0.05,4,24,-1.7202484575459203,38.916666666666664,0.03511895518749952,924
0.05,4,24,-1.7202484575459203,38.916666666666664,,
0.05,4,24,-1.7202484575459203,38.916666666666664,,
0.05,4,24,-1.7202484575459203,38.916666666666664,,
0.05,4,24,-1.7202484575459203,38.916666666666664,0.034886103705503047,928
0.05,4,24,-1.7202484575459203,38.916666666666664,,
0.05,4,24,-1.7202484575459203,38.916666666666664,,
0.05,4,24,-1.7202484575459203,38.916666666666664,,
0.05,4,24,-1.7202484575459203,38.916666666666664,0.03250740212388337,932
0.05,4,24,-1.7202484575459203,38.916666666666664,,
0.05,4,24,-1.7202484575459203,38.916666666666664,,
0.05,4,24,-1.7202484575459203,38.916666666666664,,
0.05,4,24,-1.7202484575459203,38.916666666666664,0.05403659539297223,936
0.05,4,24,-1.7202484575459203,38.916666666666664,,
0.05,4,24,-1.7202484575459203,38.916666666666664,,
0.05,4,24,-1.7202484575459203,38.916666666666664,,
0.05,4,24,-1.7202484575459203,38.916666666666664,0.01268060621805489,940
0.05,4,24,-1.7202484575459203,38.916666666666664,,
0.05,4,24,-1.7202484575459203,38.916666666666664,,
0.05,4,24,-1.7202484575459203,38.916666666666664,,
0.05,4,24,-1.7202484575459203,38.916666666666664,0.04382088140118867,944
0.05,4,24,-1.7202484575459203,38.916666666666664,,
0.05,4,24,-1.7202484575459203,38.916666666666664,,
0.05,4,24,-1.7202484575459203,38.916666666666664,,
0.05,4,24,-1.7202484575459203,38.916666666666664,0.04156141437124461,948
0.05,4,24,-1.7202484575459203,38.916666666666664,,
0.05,4,24,-1.7202484575459203,38.916666666666664,,
0.05,4,24,-1.7202484575459203,38.916666666666664,,
0.05,4,24,-1.7202484575459203,38.916666666666664,0.027170613408088684,952
0.05,4,24,-1.7202484575459203,38.916666666666664,,
0.05,4,24,-1.7202484575459203,38.916666666666664,,
0.05,4,24,-1.7202484575459203,38.916666666666664,,
0.05,4,24,-1.7202484575459203,38.916666666666664,0.044869395438581705,956
0.05,4,25,-1.8406513624910832,41.32,,
