time/time_elapsed,rollout/ep_len_mean,time/episodes,time/total_timesteps,rollout/exploration_rate,rollout/ep_rew_mean,train/n_updates,train/loss
2,85.2,10,862,0.9799584999999998,3.995980629767719,,
2,65.5,20,1330,0.9690774999999998,2.915548622135713,,
3,69.73333333333333,30,2122,0.9506635,3.1037037336422575,,
5,81.45,40,3298,0.9233215,3.6697361717136494,,
6,76.9,50,3895,0.90944125,3.5800123822858456,,
7,79.81666666666666,60,4849,0.8872607500000002,3.8430701723152674,,
8,70.55714285714286,70,5009,0.8835407500000001,3.3612349921231557,,
9,67.6875,80,5495,0.8722412499999999,3.244270184290447,,
11,73.53333333333333,90,6708,0.844039,3.5868076031607714,,
12,72.52,100,7352,0.829066,3.587262512624047,,
13,68.64,110,7826,0.8180455,3.408805572444872,,
14,69.13,120,8343,0.8060252500000002,3.4984222828955445,,
16,70.05,130,9227,0.7854722499999999,3.6720547738081972,,
17,63.46,140,9744,0.773452,3.318871784003514,,
20,63.37,150,10332,0.7597809999999998,3.333869333233568,160,0.19057280849665403
29,67.31,160,11680,0.72844,3.526675978516974,832,0.10516161731175089
39,78.87,170,12996,0.6978429999999999,4.236731588793384,1496,0.12491988340116222
50,88.55,180,14450,0.6640374999999998,4.678316312916431,2224,0.15562329389285878
58,88.0,190,15608,0.6371140000000001,4.608952265338914,2800,0.09994782526337076
65,91.17,200,16569,0.6147707499999997,4.763793120386428,3280,0.12725524866255
72,95.89,210,17515,0.5927762500000002,4.931854261064591,3752,0.11917816438653972
79,100.14,220,18457,0.5708747500000003,5.039606569457842,4224,0.09009247479843907
87,101.93,230,19520,0.54616,4.94761670475738,4752,0.1207332406193018
93,104.17,240,20261,0.5289317500000001,5.0612850861259,5128,0.22345576265070122
96,102.85,250,20717,0.5183297499999999,4.8804704580288965,5352,0.17247546525322832
100,94.63,260,21243,0.5061002500000003,4.385404952517601,5616,0.0933728476811666
106,88.68,270,21964,0.4893369999999999,3.884829880533232,5976,0.13520958242588677
112,82.32,280,22782,0.4703185000000003,3.555603399203975,6384,0.1380272030364722
117,77.56,290,23464,0.45446200000000014,3.248663029466935,6728,0.106350893212948
123,75.47,300,24216,0.4369780000000002,3.0120351298408816,7104,0.09779601648915559
126,70.59,310,24674,0.42632950000000014,2.807648921908567,7336,0.11889062804402784
132,67.94,320,25351,0.41058925000000024,2.6993572660078193,7672,0.13147323942393996
136,63.45,330,25965,0.39631375000000024,2.5122621271035928,7976,0.10003937091096304
141,61.36,340,26497,0.3839447500000003,2.4356429624198297,8248,0.11144278780557215
144,61.4,350,26957,0.3732497500000004,2.446791267257421,8472,0.2087032850831747
149,62.39,360,27582,0.3587185000000003,2.4978846488928217,8784,0.11037584883160889
154,61.35,370,28199,0.3443732500000002,2.4807563953459795,9096,0.17867009693873115
158,58.45,380,28727,0.33209725000000023,2.3451861245739813,9360,0.16885024402290583
162,56.38,390,29202,0.3210535000000002,2.259245063807983,9600,0.14725408022059128
166,54.9,400,29806,0.3070105000000001,2.266235040591534,9896,0.1368711077957414
170,54.81,410,30255,0.29657124999999995,2.250289910860462,10120,0.09423044807044789
174,53.03,420,30754,0.2849695000000003,2.191380112873755,10376,0.13896046951413155
177,51.62,430,31227,0.2739722499999999,2.1278818323842206,10608,0.2518366826698184
181,51.48,440,31745,0.26192875000000004,2.1198312562508463,10872,0.1954964306205511
185,51.72,450,32229,0.2506757500000002,2.1309189876738492,11112,0.19469686353113502
190,51.06,460,32788,0.2376790000000002,2.0715978882745194,11392,0.1875682472018525
194,50.05,470,33304,0.22568200000000005,2.0546325085430994,11648,0.1668003145023249
197,48.18,480,33645,0.21775374999999975,1.9463983810617507,11816,0.16484607302118093
201,48.05,490,34107,0.20701225000000012,1.9388020261560726,12048,0.23409001884283498
204,46.58,500,34564,0.1963870000000002,1.8017860694529504,12280,0.16739757522009313
208,46.52,510,35007,0.18608724999999993,1.8052875541612332,12496,0.18852425273507833
212,46.05,520,35459,0.17557825000000027,1.7738232912944139,12728,0.17078285390743986
215,45.77,530,35904,0.16523200000000005,1.7471795302462523,12944,0.20423830184154212
218,44.43,540,36288,0.1563039999999999,1.6778004204965904,13136,0.15489068708848208
222,43.54,550,36683,0.14712025000000017,1.6232860252968462,13336,0.1483576358295977
226,42.34,560,37122,0.1369134999999999,1.5692318778331236,13560,0.1621618391945958
229,41.5,570,37554,0.1268695000000002,1.511926215755542,13776,0.20453265868127346
233,42.68,580,38013,0.11619774999999999,1.5748462291504115,14000,0.27938145864754915
237,42.96,590,38503,0.10480525000000018,1.570355660462607,14248,0.17016884963959455
240,41.8,600,38844,0.09687699999999977,1.5529748616190064,14416,0.18348115775734186
242,40.2,610,39127,0.0902972500000001,1.4760257526926444,14560,0.13833198160864413
245,40.06,620,39565,0.08011374999999998,1.4498624651804106,14776,0.1226121875224635
249,40.09,630,40013,0.07,1.4835146512177857,15000,0.17636783979833126
253,41.17,640,40505,0.07,1.5094638345128828,15248,0.1856019259430468
255,40.0,650,40783,0.07,1.457946183348164,15384,0.22604353167116642
259,40.08,660,41230,0.07,1.4736732549977518,15608,0.22644848376512527
262,38.52,670,41506,0.07,1.3976599905347866,15752,0.2189204739406705
264,37.27,680,41840,0.07,1.341720547428691,15912,0.14142236253246665
268,36.56,690,42259,0.07,1.3495188261397235,16128,0.1267215609550476
273,39.54,700,42898,0.07,1.5184228822816872,16448,0.24738214816898108
277,41.16,710,43343,0.07,1.5870858736484026,16664,0.29642152786254883
281,41.43,720,43808,0.07,1.610582581765015,16896,0.26171997794881463
284,40.63,730,44176,0.07,1.5396768933209701,17080,0.24357907753437757
288,39.79,740,44584,0.07,1.5091987452504068,17288,0.26448899786919355
291,41.3,750,45013,0.07,1.6144069980934284,17504,0.22235027514398098
295,41.31,760,45461,0.07,1.644674181947159,17728,0.2203136384487152
298,41.34,770,45740,0.07,1.626561273778268,17864,0.24222241155803204
301,42.4,780,46180,0.07,1.6542407600815352,18088,0.15766815817914903
305,42.15,790,46574,0.07,1.6433930412627222,18280,0.22376151382923126
308,40.16,800,47014,0.07,1.5249400012352061,18504,0.1901821568608284
311,39.18,810,47361,0.07,1.461403596944381,18680,0.18107907846570015
315,38.55,820,47763,0.07,1.4141205181855192,18880,0.1764356498606503
318,38.44,830,48120,0.07,1.417512523044117,19056,0.20812692190520465
321,38.28,840,48512,0.07,1.4294503856570364,19248,0.1687067688908428
324,37.18,850,48831,0.07,1.3423103562967447,19408,0.16344058723188937
326,36.38,860,49199,0.07,1.2667409383605612,19592,0.21427252376452088
329,36.28,870,49468,0.07,1.2900267716459675,19728,0.3164332788437605
332,35.48,880,49828,0.07,1.280460614582188,19912,0.22602698602713645
335,35.12,890,50186,0.07,1.250405920826427,20088,0.2684105134103447
337,33.81,900,50495,0.07,1.1816379214097867,20240,0.19669700576923788
340,33.43,910,50804,0.07,1.1588125099712459,20400,0.3302506599575281
343,33.72,920,51235,0.07,1.1652739573373763,20616,0.17001811740919948
346,33.38,930,51558,0.07,1.1414335343727646,20776,0.308344803750515
350,34.64,940,52076,0.07,1.1609443483252753,21032,0.2667334396392107
352,34.7,950,52401,0.07,1.183695651344368,21200,0.14728186698630452
356,35.59,960,52858,0.07,1.2265491457292768,21424,0.24179141107015312
358,35.33,970,53101,0.07,1.2088822690393284,21544,0.2441638633608818
362,36.66,980,53594,0.07,1.2271336894321163,21792,0.3011576682329178
364,36.05,990,53891,0.07,1.198085571113158,21944,0.21291665360331535
366,36.03,1000,54198,0.07,1.1789122238965495,22096,0.17738739075139165
368,35.32,1010,54436,0.07,1.1709898907363572,22216,0.28122869692742825
371,34.85,1020,54820,0.07,1.1666315105674683,22408,0.3263495210558176
375,36.38,1030,55296,0.07,1.2452472239277161,22640,0.26025117095559835
378,34.39,1040,55615,0.07,1.186882453720555,22800,0.16821618005633354
381,34.83,1050,55984,0.07,1.2078327551155814,22984,0.2717553097754717
384,34.53,1060,56411,0.07,1.2044762693388855,23200,0.16642709588631988
388,36.52,1070,56853,0.07,1.2965831051644108,23424,0.20567114977166057
390,34.9,1080,57184,0.07,1.248438203648462,23584,0.3303310740739107
393,35.41,1090,57532,0.07,1.2627049649084159,23760,0.2575701903551817
398,37.97,1100,58095,0.07,1.4268769042231755,24040,0.1910766107030213
401,40.07,1110,58543,0.07,1.529796435792499,24264,0.1963526699692011
404,39.67,1120,58887,0.07,1.5372899913262663,24440,0.22327646147459745
407,38.37,1130,59233,0.07,1.4796754575782134,24616,0.22012531198561192
411,39.98,1140,59713,0.07,1.5608731128977247,24856,0.17297426611185074
414,40.72,1150,60156,0.07,1.587495496645918,25072,0.26995897525921464
416,39.62,1160,60473,0.07,1.527857499843139,25232,0.24680727161467075
419,38.51,1170,60804,0.07,1.4742970669964277,25400,0.2971601104363799
422,38.83,1180,61167,0.07,1.508881167946956,25576,0.29772952012717724
426,40.3,1190,61662,0.07,1.5865921056461432,25824,0.29111186787486076
428,37.75,1200,61970,0.07,1.4275576400501393,25984,0.1889106030575931
431,36.77,1210,62320,0.07,1.3916046704475167,26152,0.30872754752635956
435,37.93,1220,62780,0.07,1.410240672014969,26384,0.339311096817255
437,37.47,1230,63080,0.07,1.3867961840234257,26536,0.36993588879704475
440,36.21,1240,63434,0.07,1.3059676365040322,26712,0.3109245002269745
444,36.69,1250,63925,0.07,1.2889528148579878,26960,0.26080103404819965
447,37.59,1260,64332,0.07,1.3463703952454293,27160,0.29977833200246096
451,38.57,1270,64761,0.07,1.3907718490781038,27376,0.27102018613368273
454,39.51,1280,65218,0.07,1.3902094021714015,27608,0.23950965702533722
456,36.84,1290,65446,0.07,1.2516318815019287,27720,0.34736355394124985
459,37.49,1300,65819,0.07,1.2809929615175393,27904,0.30671568028628826
461,37.2,1310,66140,0.07,1.2599784221925396,28064,0.3476983103901148
465,36.74,1320,66554,0.07,1.2451258359054114,28272,0.3013681657612324
467,37.11,1330,66891,0.07,1.2752973218324695,28440,0.2595512084662914
470,36.48,1340,67182,0.07,1.2575795286562523,28584,0.24237526953220367
473,36.37,1350,67662,0.07,1.2873376695025938,28824,0.245524937286973
476,35.5,1360,67982,0.07,1.2597169891382887,28984,0.32388786785304546
479,34.5,1370,68311,0.07,1.2199701610360434,29152,0.29658318124711514
481,33.36,1380,68654,0.07,1.2180043559824414,29320,0.274440904147923
485,36.03,1390,69149,0.07,1.3704757650488344,29568,0.28088578023016453
489,36.71,1400,69590,0.07,1.4236552097405946,29792,0.35197995603084564
492,37.5,1410,69990,0.07,1.4367807421275045,29992,0.36162575520575047
497,39.48,1420,70602,0.07,1.5812511742936186,30296,0.2349227722734213
500,40.17,1430,71008,0.07,1.6020921276764566,30496,0.3252789322286844
503,40.7,1440,71352,0.07,1.6266057575784563,30672,0.2836200762540102
506,39.03,1450,71665,0.07,1.5636414391960665,30832,0.24608080182224512
508,39.21,1460,72003,0.07,1.5708171925077723,31000,0.33338486962020397
511,39.44,1470,72355,0.07,1.569601275856493,31176,0.2922115661203861
515,40.33,1480,72787,0.07,1.5856951974115185,31392,0.313649108633399
517,38.67,1490,73116,0.07,1.492012547254114,31552,0.29733451269567013
521,39.03,1500,73593,0.07,1.4886868295903681,31792,0.289826238527894
523,38.28,1510,73918,0.07,1.473451386253459,31952,0.3137644752860069
526,35.83,1520,74285,0.07,1.3257636307558176,32136,0.30773805640637875
531,37.61,1530,74869,0.07,1.5170457577811702,32432,0.31863872334361076
534,37.92,1540,75244,0.07,1.5230879571780802,32616,0.3744528852403164
537,39.0,1550,75665,0.07,1.5610375180131628,32832,0.3564982991665602
540,39.66,1560,76069,0.07,1.5841483000441567,33032,0.23570236656814814
543,39.66,1570,76421,0.07,1.5823777096922373,33208,0.3064220603555441
546,39.04,1580,76791,0.07,1.5668445096615629,33392,0.27341486141085625
550,40.3,1590,77246,0.07,1.6292091571075673,33616,0.2301950678229332
552,38.9,1600,77583,0.07,1.566189233697086,33784,0.3225717879831791
556,39.63,1610,77981,0.07,1.6123992716867466,33984,0.26466284040361643
559,40.29,1620,78414,0.07,1.6506531989578221,34200,0.31374571844935417
562,38.09,1630,78778,0.07,1.4428631201560307,34384,0.2921641543507576
565,37.58,1640,79102,0.07,1.421561563500771,34544,0.25740397348999977
568,37.28,1650,79493,0.07,1.4120610398898734,34744,0.33521758764982224
571,37.08,1660,79877,0.07,1.4076934141053392,34936,0.2845344413071871
574,36.89,1670,80210,0.07,1.4184685566301614,35104,0.3091921992599964
577,37.32,1680,80623,0.07,1.4433932411634018,35304,0.28443777933716774
580,36.82,1690,81028,0.07,1.426194377672823,35512,0.27393844723701477
583,37.09,1700,81392,0.07,1.456901337085389,35688,0.2584422379732132
585,36.0,1710,81681,0.07,1.3963798743771516,35840,0.30466944724321365
588,35.27,1720,82041,0.07,1.3466833491321932,36016,0.3300164844840765
592,36.26,1730,82504,0.07,1.3975696947577885,36248,0.30823836848139763
595,37.27,1740,82929,0.07,1.4799603675317123,36464,0.275161724537611
599,38.09,1750,83402,0.07,1.5115173405695905,36696,0.21901298686861992
602,38.45,1760,83822,0.07,1.5184815138816494,36904,0.2805995773524046
605,38.83,1770,84193,0.07,1.5367105541663972,37096,0.33753556944429874
608,38.77,1780,84600,0.07,1.5221566071113246,37296,0.3607386965304613
612,39.31,1790,85059,0.07,1.5524504705087776,37528,0.30833177641034126
614,39.07,1800,85399,0.07,1.5439109899700105,37696,0.31414644606411457
616,38.82,1810,85663,0.07,1.5275182398195812,37824,0.28804099559783936
619,38.87,1820,86028,0.07,1.52698489862773,38008,0.35450152680277824
622,37.7,1830,86374,0.07,1.4978441051024791,38184,0.2645815797150135
626,37.89,1840,86818,0.07,1.491248312719908,38408,0.33225612714886665
629,36.73,1850,87175,0.07,1.4438312362854575,38584,0.3101206570863724
632,36.32,1860,87554,0.07,1.4348786297803597,38776,0.3196775484830141
634,35.35,1870,87828,0.07,1.375131877586942,38912,0.2500028572976589
636,33.49,1880,88049,0.07,1.2909484833267049,39024,0.2742100078612566
638,31.83,1890,88342,0.07,1.2001543551597778,39168,0.28758195973932743
641,32.39,1900,88738,0.07,1.1857770926325317,39368,0.304884510114789
644,34.4,1910,89203,0.07,1.289923234947552,39600,0.3195632491260767
649,35.75,1920,89703,0.07,1.3691469590756578,39848,0.3098084032535553
652,36.24,1930,90098,0.07,1.3641853556205987,40048,0.3155579585582018
655,36.07,1940,90525,0.07,1.3486803916929648,40256,0.2757633253931999
659,36.93,1950,90968,0.07,1.3857643117526863,40480,0.31604441441595554
662,38.07,1960,91461,0.07,1.3949402522174763,40728,0.38308615423738956
666,39.43,1970,91871,0.07,1.4538331834621525,40928,0.30902857333421707
668,40.35,1980,92184,0.07,1.4987640167714542,41088,0.2823126018047333
671,40.66,1990,92508,0.07,1.5060066190588772,41248,0.30497329123318195
673,40.15,2000,92853,0.07,1.5088804795700468,41424,0.28450878895819187
676,38.98,2010,93201,0.07,1.4224232250341537,41600,0.33336781710386276
679,37.19,2020,93522,0.07,1.3369954635476486,41760,0.3528099302202463
681,36.89,2030,93887,0.07,1.3200256764866725,41936,0.2999029103666544
686,38.65,2040,94490,0.07,1.4810327090275421,42240,0.3148087952286005
689,37.63,2050,94831,0.07,1.44420558971869,42408,0.3443271927535534
692,36.3,2060,95191,0.07,1.4194687216120536,42592,0.28376798518002033
694,35.38,2070,95509,0.07,1.380362778665461,42752,0.32338040322065353
698,36.71,2080,95955,0.07,1.4139101965741998,42976,0.305791761726141
700,35.97,2090,96205,0.07,1.3968986437897146,43096,0.32671005465090275
702,35.11,2100,96464,0.07,1.3427300967482407,43224,0.2955680228769779
705,35.32,2110,96833,0.07,1.3679228902738194,43416,0.30744292587041855
708,36.86,2120,97308,0.07,1.4339817365023466,43648,0.2898506298661232
711,36.77,2130,97664,0.07,1.4461764238712183,43824,0.2730333060026169
715,34.62,2140,98052,0.07,1.259166635053153,44024,0.291005939245224
718,35.24,2150,98455,0.07,1.279257993060722,44224,0.30333874002099037
720,34.86,2160,98777,0.07,1.2480219414368166,44384,0.34552542865276337
723,34.46,2170,99055,0.07,1.2369438800843662,44520,0.3643401004374027
726,33.71,2180,99426,0.07,1.2178912500630776,44712,0.34860438480973244
729,35.05,2190,99810,0.07,1.2812897404551933,44904,0.2981247715651989
733,37.89,2200,100353,0.07,1.4949934279468402,45176,0.34596691466867924
736,37.7,2210,100703,0.07,1.495575668949012,45344,0.31810011714696884
739,36.99,2220,101107,0.07,1.4327030837882726,45552,0.30631435103714466
742,37.7,2230,101534,0.07,1.4577617116593038,45760,0.3522897753864527
745,37.52,2240,101904,0.07,1.4510873163758975,45944,0.30308387987315655
748,36.7,2250,102225,0.07,1.3982982529834544,46112,0.2915226146578789
752,38.51,2260,102728,0.07,1.473888712728952,46360,0.2598190139979124
756,40.84,2270,103239,0.07,1.5497669832824672,46616,0.27592446841299534
759,40.23,2280,103549,0.07,1.52270972144016,46768,0.32967839390039444
762,40.5,2290,103960,0.07,1.5213258689650682,46976,0.319623127579689
765,39.05,2300,104358,0.07,1.3862000277732873,47176,0.2839154750108719
768,38.86,2310,104689,0.07,1.3753374801576335,47344,0.2751973234117031
772,40.03,2320,105210,0.07,1.4093340087401942,47600,0.328054903075099
776,39.94,2330,105628,0.07,1.406234014467178,47808,0.32525073178112507
779,41.02,2340,106106,0.07,1.4476217476591657,48048,0.31432257033884525
783,42.83,2350,106608,0.07,1.552610652484262,48296,0.25208707340061665
787,41.74,2360,107002,0.07,1.514656993376297,48496,0.2701459042727947
789,39.48,2370,107287,0.07,1.437686580690596,48640,0.26214755699038506
792,40.36,2380,107685,0.07,1.4558181447444207,48840,0.2407107725739479
795,39.66,2390,108026,0.07,1.4325536233441987,49008,0.23588376864790916
798,39.08,2400,108366,0.07,1.422883988486529,49176,0.29076831601560116
800,38.99,2410,108688,0.07,1.410299886418046,49336,0.2672959044575691
806,39.94,2420,109304,0.07,1.4144473143409317,49648,0.25785176269710064
809,39.48,2430,109676,0.07,1.410590705394992,49832,0.2705048844218254
812,39.47,2440,110153,0.07,1.4146928092117574,50072,0.2981519475579262
816,38.43,2450,110551,0.07,1.3905901594523211,50272,0.24912483617663383
819,38.03,2460,110905,0.07,1.3794102995206543,50448,0.22965547628700733
822,39.31,2470,111318,0.07,1.4341705243144307,50656,0.23911689035594463
825,39.72,2480,111757,0.07,1.4876363343820314,50872,0.27531354781240225
828,39.62,2490,112088,0.07,1.4735433179541915,51040,0.22358303889632225
831,39.58,2500,112424,0.07,1.4298682210539408,51208,0.25905746035277843
834,39.79,2510,112767,0.07,1.4338564531971218,51376,0.24997961334884167
836,37.07,2520,113111,0.07,1.3845508248608396,51552,0.21167763508856297
839,36.75,2530,113451,0.07,1.3393564159875373,51720,0.2397687640041113
844,37.33,2540,113986,0.07,1.374763539283795,51992,0.1949298232793808
847,37.17,2550,114368,0.07,1.3438860745410748,52176,0.22415082901716232
850,37.71,2560,114776,0.07,1.3810194720866853,52384,0.2171370554715395
853,37.23,2570,115141,0.07,1.3661912453328995,52568,0.166586859151721
856,36.7,2580,115527,0.07,1.3084501312660912,52760,0.19075825531035662
859,37.3,2590,115918,0.07,1.3417160491623392,52952,0.2180806314572692
862,38.01,2600,116325,0.07,1.415816531151687,53160,0.1964450590312481
866,38.87,2610,116754,0.07,1.4613410968437592,53376,0.1850440725684166
867,37.65,2620,116976,0.07,1.4109656845155119,53480,0.18731515109539032
870,37.53,2630,117304,0.07,1.4196042863263554,53648,0.16674694418907166
872,34.2,2640,117506,0.07,1.2674505753255179,53752,0.22174358554184437
875,34.35,2650,117903,0.07,1.2515225490883803,53944,0.16177079640328884
878,34.58,2660,118334,0.07,1.2558276204532375,54160,0.18717017024755478
881,34.05,2670,118646,0.07,1.215250942550676,54320,0.19822394289076328
884,33.85,2680,119012,0.07,1.2399566143589917,54504,0.19685937091708183
887,34.62,2690,119480,0.07,1.2858647607824378,54736,0.17353198677301407
891,34.82,2700,119907,0.07,1.275603863155194,54952,0.1733934422954917
894,34.83,2710,120337,0.07,1.280955081484395,55168,0.1786690056324005
896,35.04,2720,120580,0.07,1.2905466799970304,55288,0.15027334820479155
898,34.53,2730,120857,0.07,1.269546255724035,55424,0.19442028179764748
902,37.37,2740,121343,0.07,1.3879388119104856,55664,0.13880798127502203
904,36.63,2750,121666,0.07,1.3826017660500856,55832,0.16990273725241423
907,36.08,2760,122042,0.07,1.3407150298813826,56016,0.12823128141462803
911,38.11,2770,122557,0.07,1.4460296507751276,56272,0.16821817867457867
915,39.33,2780,123045,0.07,1.4825580833386969,56520,0.12796171009540558
919,39.09,2790,123489,0.07,1.459141881427775,56744,0.15226542577147484
923,39.84,2800,123991,0.07,1.4710647994546593,56992,0.15469652973115444
927,41.16,2810,124553,0.07,1.6007549063198783,57272,0.14493408985435963
930,42.38,2820,124918,0.07,1.6580988439073894,57456,0.16041096113622189
934,44.57,2830,125414,0.07,1.7431799514642972,57704,0.15800499729812145
936,41.85,2840,125628,0.07,1.6226722887268705,57808,0.14684668742120266
939,42.72,2850,126038,0.07,1.6410534632732017,58016,0.16528367437422276
942,42.95,2860,126437,0.07,1.6294413979856521,58216,0.1478315182030201
945,41.33,2870,126790,0.07,1.5500784482748302,58392,0.11188968364149332
949,41.25,2880,127270,0.07,1.5838904527088493,58632,0.13265783712267876
952,40.46,2890,127635,0.07,1.5539372249788987,58816,0.12477782927453518
955,39.4,2900,128031,0.07,1.5488201192342144,59008,0.12019540462642908
958,37.63,2910,128416,0.07,1.3787990310248313,59200,0.13209127634763718
961,37.64,2920,128782,0.07,1.3733709482220087,59384,0.1408452051691711
964,36.45,2930,129159,0.07,1.3223779996238716,59576,0.09680905938148499
967,37.72,2940,129500,0.07,1.392136761590992,59744,0.12217605393379927
969,35.76,2950,129714,0.07,1.3168580527015918,59856,0.1593225570395589
971,35.22,2960,130059,0.07,1.3088597207298938,60024,0.12457646895200014
975,35.78,2970,130468,0.07,1.3494718405816843,60232,0.10975836683064699
978,35.05,2980,130875,0.07,1.2843539332534482,60432,0.1085709547623992
981,35.01,2990,131236,0.07,1.2877533620628503,60616,0.12929541803896427
983,34.56,3000,131587,0.07,1.2355259347730134,60792,0.12423309870064259
986,33.76,3010,131892,0.07,1.2064333638860045,60944,0.12545532174408436
990,35.95,3020,132477,0.07,1.2887640895238086,61232,0.12340062391012907
995,37.51,3030,133010,0.07,1.3335882185081158,61504,0.10946533642709255
997,37.69,3040,133369,0.07,1.3338857695731263,61680,0.11506661120802164
1000,39.36,3050,133750,0.07,1.4360227479323315,61872,0.09722365345805883
1004,39.78,3060,134137,0.07,1.4757536658501862,62064,0.09942075796425343
1007,39.68,3070,134536,0.07,1.4670520743723066,62264,0.11884820275008678
1010,39.56,3080,134931,0.07,1.4700134236909397,62464,0.08146973885595798
1013,39.83,3090,135319,0.07,1.4802929910777098,62656,0.1139240451157093
1017,41.85,3100,135872,0.07,1.5588739913482121,62928,0.10005661100149155
1019,41.54,3110,136146,0.07,1.5671769759831242,63072,0.0983923184685409
1023,39.62,3120,136539,0.07,1.505402341544849,63264,0.09704087162390351
1025,36.62,3130,136772,0.07,1.3945898757114068,63384,0.11796626169234514
1028,36.86,3140,137155,0.07,1.3944550484917873,63576,0.0985676608979702
1030,36.08,3150,137458,0.07,1.3209457518811254,63728,0.07682992238551378
1033,35.38,3160,137775,0.07,1.2967246995527844,63880,0.09719933569431305
1036,35.28,3170,138164,0.07,1.2948716494542567,64080,0.0981238353997469
1039,35.42,3180,138573,0.07,1.3082242668283206,64280,0.11385292652994394
1042,34.26,3190,138845,0.07,1.2590556173206702,64416,0.10104602295905352
1044,31.75,3200,139147,0.07,1.172785901850654,64568,0.11979632545262575
1047,32.76,3210,139522,0.07,1.2092307964825384,64760,0.12804055213928223
1051,33.18,3220,139957,0.07,1.2267174445489963,64976,0.09769139531999826
1053,33.26,3230,140198,0.07,1.2469403115783526,65096,0.09747260343283415
1056,32.72,3240,140527,0.07,1.2227625877296766,65256,0.1145736426115036
1058,32.63,3250,140821,0.07,1.230405814263565,65408,0.09705502493306994
1060,32.32,3260,141107,0.07,1.201985087741236,65552,0.0926854033023119
1063,31.8,3270,141444,0.07,1.1577728688188136,65720,0.0883167339488864
1066,31.33,3280,141806,0.07,1.1353475210792694,65896,0.08692033868283033
1069,32.17,3290,142162,0.07,1.1633363678781656,66080,0.07868930045515299
1072,33.42,3300,142589,0.07,1.2138974185301905,66288,0.08448093291372061
1076,34.61,3310,143083,0.07,1.2465487551613945,66536,0.09511974826455116
1079,33.56,3320,143413,0.07,1.1931025481589432,66704,0.10237179603427649
1082,34.55,3330,143753,0.07,1.2330051350228564,66872,0.1142841475084424
1086,36.25,3340,144252,0.07,1.2966994924998985,67120,0.07454513944685459
1088,36.41,3350,144562,0.07,1.3096238688245865,67280,0.07933994475752115
1092,38.26,3360,145033,0.07,1.3870349140402407,67512,0.12171113770455122
1096,39.17,3370,145461,0.07,1.4616711958827684,67728,0.10230518504977226
1099,39.57,3380,145863,0.07,1.4815335386906923,67928,0.0904875504784286
1103,40.51,3390,146313,0.07,1.4941598566415615,68152,0.09215895086526871
1105,39.13,3400,146602,0.07,1.4272808567211335,68296,0.07673387508839369
1107,36.44,3410,146827,0.07,1.3288146441760589,68408,0.08451279578730464
1109,36.08,3420,147121,0.07,1.318686000500028,68560,0.10388471093028784
1113,37.32,3430,147585,0.07,1.3841238032150678,68792,0.07483688183128834
1115,35.51,3440,147903,0.07,1.3320938921580163,68944,0.060599653515964746
1119,36.49,3450,148311,0.07,1.3826314412965721,69152,0.07220110110938549
1122,36.39,3460,148772,0.07,1.3697229834644618,69384,0.08638632530346513
1124,34.59,3470,149020,0.07,1.2738263712857647,69504,0.09327017888426781
1127,34.43,3480,149406,0.07,1.2510250861866077,69696,0.08680515643209219
1131,34.67,3490,149880,0.07,1.2778410900472386,69936,0.08863425627350807
1135,36.13,3500,150315,0.07,1.3772417226586702,70152,0.08347481768578291
1137,36.35,3510,150562,0.07,1.3837738320225872,70280,0.07261275500059128
1140,37.3,3520,150951,0.07,1.431203124541683,70472,0.08226144453510642
1143,36.28,3530,151313,0.07,1.3502647243584645,70656,0.07810556748881936
1145,35.96,3540,151599,0.07,1.3375568426997757,70792,0.08417943120002747
1149,36.44,3550,152055,0.07,1.3763797836173635,71024,0.09229193674400449
1152,35.83,3560,152455,0.07,1.3457610410537892,71224,0.0748602100647986
1154,36.83,3570,152803,0.07,1.4022515855277407,71400,0.07455431018024683
1156,35.23,3580,153029,0.07,1.3445828976635432,71512,0.07116220472380519
1159,34.56,3590,153436,0.07,1.3412497204596128,71712,0.07653929758816957
1163,34.42,3600,153857,0.07,1.3027840353160312,71928,0.06798554724082351
1165,34.69,3610,154131,0.07,1.2976167753618224,72064,0.1006782054901123
1169,35.46,3620,154597,0.07,1.3366699457003473,72296,0.10438195057213306
1171,34.95,3630,154908,0.07,1.3139707636131808,72448,0.06383985979482532
1175,36.49,3640,155348,0.07,1.3833225840360268,72672,0.08441649051383138
1178,36.15,3650,155770,0.07,1.3212386873236992,72880,0.08134986134245992
1181,35.3,3660,156085,0.07,1.283126698051467,73040,0.09617868391796947
1185,36.82,3670,156585,0.07,1.3155856373247574,73288,0.07682122569531202
1188,39.04,3680,157033,0.07,1.4174871347841906,73512,0.10091571789234877
1191,38.21,3690,157357,0.07,1.3505913426235896,73672,0.08739426638931036
1193,37.73,3700,157730,0.07,1.3346332745726428,73864,0.07928872853517532
1196,38.73,3710,158104,0.07,1.4042752463044514,74048,0.0724302171729505
1199,37.92,3720,158489,0.07,1.3543409675878735,74240,0.09381903056055307
1203,39.35,3730,158943,0.07,1.4388715605206754,74464,0.07637087674811482
1206,39.56,3740,159404,0.07,1.4511340728682227,74696,0.08915955387055874
1209,38.66,3750,159736,0.07,1.415614219399713,74864,0.0736669166944921
1211,38.07,3760,159992,0.07,1.405533699963322,74992,0.06597158638760448
1214,36.25,3770,160310,0.07,1.3355116269402154,75152,0.07543314341455698
1216,35.28,3780,160661,0.07,1.2948841518024745,75328,0.07252340856939554
1219,35.14,3790,160971,0.07,1.313864099201366,75480,0.0879348712041974
1221,34.35,3800,161265,0.07,1.2749572419759039,75632,0.07642752677202225
1224,33.51,3810,161555,0.07,1.2378432056835138,75776,0.08029450057074428
1226,32.75,3820,161864,0.07,1.2045487416878995,75928,0.05669952416792512
1229,31.14,3830,162157,0.07,1.129793972118697,76072,0.07105475384742022
1232,30.74,3840,162578,0.07,1.0949122505750764,76288,0.08370617311447859
1234,30.73,3850,162909,0.07,1.101640107518868,76448,0.05970062757842243
1237,31.61,3860,163253,0.07,1.1289751122600244,76624,0.06716652307659388
1239,31.03,3870,163513,0.07,1.11750621321482,76752,0.08268961869180202
1242,31.06,3880,163867,0.07,1.0943948193341568,76928,0.06657859915867448
1246,32.27,3890,164298,0.07,1.1314301750774964,77144,0.08364172885194421
1249,33.79,3900,164744,0.07,1.1997810919832361,77368,0.07104383828118443
1252,35.19,3910,165174,0.07,1.2526847811161088,77584,0.07970487512648106
1254,35.06,3920,165470,0.07,1.259726383579457,77728,0.0783681464381516
1257,35.45,3930,165802,0.07,1.2745676084660702,77896,0.07695280108600855
1261,35.74,3940,166252,0.07,1.3140744528699748,78120,0.06881688302382827
1265,37.44,3950,166753,0.07,1.3789761529521893,78376,0.09987005032598972
1268,38.02,3960,167155,0.07,1.4051845148494555,78576,0.08475805725902319
1271,39.17,3970,167530,0.07,1.4478839315700547,78760,0.06363252643495798
1273,37.73,3980,167740,0.07,1.3945504194712564,78864,0.07752626109868288
1275,36.82,3990,168080,0.07,1.3887598054398884,79032,0.07703939452767372
1279,37.44,4000,168588,0.07,1.439435141569775,79288,0.09504060260951519
1282,36.94,4010,168968,0.07,1.445173218498133,79480,0.0911785801872611
1285,37.52,4020,169322,0.07,1.4636617604280642,79656,0.08012320008128881
1288,37.33,4030,169635,0.07,1.457877889416381,79816,0.07158640446141362
1290,36.37,4040,169989,0.07,1.4184812524074883,79992,0.07831192668527365
1293,35.21,4050,170374,0.07,1.3957825619019595,80184,0.06554332887753844
1297,35.75,4060,170830,0.07,1.412472214610989,80408,0.08060798747465014
1300,35.55,4070,171185,0.07,1.406041663916438,80592,0.08140731137245893
1302,36.51,4080,171491,0.07,1.467136654070778,80744,0.07613940071314573
1306,37.59,4090,171939,0.07,1.4991546050068913,80968,0.08851229678839445
1309,35.9,4100,172278,0.07,1.41695392124378,81136,0.0867379829287529
1311,34.87,4110,172555,0.07,1.3490061695701057,81272,0.06709937332198024
1313,34.43,4120,172865,0.07,1.3384177107443225,81432,0.06889275927096605
1316,34.25,4130,173160,0.07,1.3356901338068403,81576,0.08811246044933796
1317,32.93,4140,173382,0.07,1.2703825167239624,81688,0.07179700629785657
1321,33.27,4150,173801,0.07,1.2983137597385772,81896,0.05901058274321258
1323,32.35,4160,174165,0.07,1.2555276040821133,82080,0.07245657406747341
1326,31.89,4170,174474,0.07,1.2327587159725155,82232,0.05386032676324248
1329,32.74,4180,174865,0.07,1.2607219309846038,82432,0.06125089665874839
1332,32.2,4190,175259,0.07,1.2340842843866764,82624,0.07842475594952703
1335,32.28,4200,175606,0.07,1.2325882463931692,82800,0.07625443954020739
1338,33.06,4210,175961,0.07,1.2871343435317655,82976,0.07140702940523624
1341,33.85,4220,176350,0.07,1.3050586500996493,83168,0.07552841282449663
1344,34.45,4230,176705,0.07,1.322159953016739,83352,0.06151968985795975
1346,34.9,4240,176972,0.07,1.3191536653189901,83480,0.06336829299107194
1348,33.77,4250,177278,0.07,1.2506556109684825,83632,0.06829545553773642
1351,33.9,4260,177655,0.07,1.2747734017981016,83824,0.06980723096057773
1354,34.76,4270,178050,0.07,1.3396985359161084,84024,0.07682992843911052
1357,34.42,4280,178407,0.07,1.334723225605243,84200,0.06386680714786053
1360,33.79,4290,178738,0.07,1.2881920174758628,84368,0.06161022325977683
1363,33.87,4300,179093,0.07,1.295905800164882,84544,0.07688161544501781
1366,33.83,4310,179444,0.07,1.2707027987825008,84720,0.07436726428568363
1369,34.03,4320,179853,0.07,1.310833618256677,84920,0.07806150894612074
1372,35.16,4330,180321,0.07,1.3967288710756347,85160,0.060948978178203106
1375,35.76,4340,180648,0.07,1.4316340299111863,85320,0.07345347898080945
1378,36.56,4350,181034,0.07,1.4751498737129751,85512,0.08583257859572768
1381,36.26,4360,181381,0.07,1.4602744002394914,85688,0.06334399851039052
1383,35.13,4370,181663,0.07,1.3862108936205768,85824,0.0756668639369309
1386,35.3,4380,182037,0.07,1.381774299344064,86016,0.07730042468756437
1388,35.22,4390,182360,0.07,1.3996890731659877,86176,0.06285821506753564
1392,36.16,4400,182809,0.07,1.4159669232331038,86400,0.09206978557631373
1395,35.9,4410,183134,0.07,1.4113787349373097,86560,0.06127323489636183
1398,35.88,4420,183541,0.07,1.4043375041478856,86768,0.07313508330844343
1402,35.78,4430,183999,0.07,1.3906372731464063,86992,0.0719054164364934
1406,37.23,4440,184471,0.07,1.4851061994879813,87232,0.06339513836428523
1409,37.51,4450,184885,0.07,1.4758918000496086,87440,0.081855243537575
1412,37.37,4460,185218,0.07,1.4616425840724125,87608,0.06689321086741984
1415,38.08,4470,185571,0.07,1.486014065563024,87784,0.06552619813010097
1418,38.1,4480,185947,0.07,1.4962164877553672,87968,0.06771895522251725
1421,38.42,4490,186302,0.07,1.513290891145513,88144,0.06253701914101839
1424,38.09,4500,186718,0.07,1.5041425438827067,88352,0.062046097591519356
1427,38.25,4510,187059,0.07,1.515015421200557,88528,0.08036016533151269
1429,37.06,4520,187347,0.07,1.4365456333862978,88672,0.08986471686512232
1431,35.33,4530,187632,0.07,1.3188554233148975,88808,0.06902168458327651
1433,32.84,4540,187855,0.07,1.1715152129178164,88920,0.09634551592171192
1436,32.34,4550,188219,0.07,1.1648385694350971,89104,0.06328563299030066
1440,33.58,4560,188676,0.07,1.2162531016002591,89336,0.08453794615343213
1442,32.8,4570,188951,0.07,1.186655999492644,89472,0.06933852750808
1444,32.05,4580,189252,0.07,1.1408312565265408,89624,0.07187089044600725
1448,32.45,4590,189647,0.07,1.1541646179845655,89816,0.07443362334743142
1450,31.49,4600,189967,0.07,1.1305058232752452,89976,0.07104298286139965
1453,31.86,4610,190345,0.07,1.1563988478696252,90168,0.0597415748052299
1456,32.38,4620,190685,0.07,1.198695817790535,90336,0.07391644269227982
1459,32.97,4630,191029,0.07,1.2510305784042741,90512,0.07879429822787642
1462,34.5,4640,191405,0.07,1.3436117590030947,90696,0.06679738499224186
1464,33.86,4650,191705,0.07,1.3154168941130229,90848,0.07219243701547384
1467,32.92,4660,192068,0.07,1.2998208178288657,91032,0.08031367510557175
1470,33.57,4670,192408,0.07,1.3228889783152074,91200,0.06493454426527023
1472,33.6,4680,192712,0.07,1.344783442286598,91352,0.06389958458021283
1475,33.28,4690,193075,0.07,1.3300196829151032,91536,0.07498441217467189
1477,32.73,4700,193340,0.07,1.3016481035724587,91664,0.0698972512036562
1480,32.69,4710,193714,0.07,1.27753830637928,91856,0.07675064890645444
1484,33.22,4720,194107,0.07,1.290504352754522,92048,0.07223697891458869
1487,34.21,4730,194550,0.07,1.3353323448747667,92272,0.08226039912551641
1490,34.01,4740,194906,0.07,1.309996058607459,92448,0.08055659849196672
1492,33.98,4750,195203,0.07,1.302349134913279,92600,0.07992316875606775
1494,32.83,4760,195451,0.07,1.2407092845976029,92720,0.08175950916483998
1497,32.49,4770,195757,0.07,1.2382652276920278,92872,0.07625465048477054
1500,33.11,4780,196123,0.07,1.2485305359677277,93056,0.0781016843393445
1503,33.47,4790,196522,0.07,1.2514312783218957,93256,0.08722322806715965
1506,34.16,4800,196856,0.07,1.2675621492146818,93424,0.06336549343541265
1509,34.81,4810,197295,0.07,1.3274887484994977,93640,0.06063581723719835
1512,34.61,4820,197668,0.07,1.3191571545684213,93832,0.06375287985429168
1516,34.9,4830,198140,0.07,1.3374611394795906,94064,0.0645334655418992
1519,35.04,4840,198510,0.07,1.3427234390576848,94248,0.07194506702944636
1522,35.9,4850,198893,0.07,1.3732945119505846,94440,0.059864260256290436
1525,37.4,4860,199291,0.07,1.4346243185840337,94640,0.07580832624807954
1528,37.94,4870,199651,0.07,1.4475525772466482,94824,0.06160309072583914
1531,37.74,4880,199997,0.07,1.410432513331774,94992,0.08240514202043414
